{"type":"FeatureCollection","features":[{"type":"Feature","geometry":{"type":"Point","coordinates":[72.74790935381529,19.28015807211096]},"id":"1_1_1_1_0","properties":{"Class":0}},{"type":"Feature","geometry":{"type":"Point","coordinates":[72.75614909990904,19.25423061161422]},"id":"1_1_1_1_1","properties":{"Class":0}},{"type":"Feature","geometry":{"type":"Point","coordinates":[72.75820903643248,19.223760608308673]},"id":"1_1_1_1_2","properties":{"Class":0}},{"type":"Feature","geometry":{"type":"Point","coordinates":[72.76026897295591,19.197175777116136]},"id":"1_1_1_1_3","properties":{"Class":0}},{"type":"Feature","geometry":{"type":"Point","coordinates":[72.76164226397154,19.175126561230734]},"id":"1_1_1_1_4","properties":{"Class":0}},{"type":"Feature","geometry":{"type":"Point","coordinates":[72.76988201006529,19.151777116072296]},"id":"1_1_1_1_5","properties":{"Class":0}},{"type":"Feature","geometry":{"type":"Point","coordinates":[72.76644878252623,19.110258832716386]},"id":"1_1_1_1_6","properties":{"Class":0}},{"type":"Feature","geometry":{"type":"Point","coordinates":[72.77743511065123,19.07521967016483]},"id":"1_1_1_1_7","properties":{"Class":0}},{"type":"Feature","geometry":{"type":"Point","coordinates":[72.78361492022154,19.04406752566036]},"id":"1_1_1_1_8","properties":{"Class":0}},{"type":"Feature","geometry":{"type":"Point","coordinates":[72.76988201006529,19.00057454772917]},"id":"1_1_1_1_9","properties":{"Class":0}},{"type":"Feature","geometry":{"type":"Point","coordinates":[72.76850871904966,18.954472564545828]},"id":"1_1_1_1_10","properties":{"Class":0}},{"type":"Feature","geometry":{"type":"Point","coordinates":[72.77674846514341,18.992134293772754]},"id":"1_1_1_1_11","properties":{"Class":0}},{"type":"Feature","geometry":{"type":"Point","coordinates":[72.77812175615904,18.98166235000147]},"id":"1_1_1_1_12","properties":{"Class":0}},{"type":"Feature","geometry":{"type":"Point","coordinates":[72.77812175615904,18.943348799031362]},"id":"1_1_1_1_13","properties":{"Class":0}},{"type":"Feature","geometry":{"type":"Point","coordinates":[72.79185466631529,18.928410624467947]},"id":"1_1_1_1_14","properties":{"Class":0}},{"type":"Feature","geometry":{"type":"Point","coordinates":[72.8090208040106,18.940750951618305]},"id":"1_1_1_1_15","properties":{"Class":0}},{"type":"Feature","geometry":{"type":"Point","coordinates":[72.80490093096373,18.920616263953686]},"id":"1_1_1_1_16","properties":{"Class":0}},{"type":"Feature","geometry":{"type":"Point","coordinates":[72.7815549836981,18.903727236094667]},"id":"1_1_1_1_17","properties":{"Class":0}},{"type":"Feature","geometry":{"type":"Point","coordinates":[72.79391460283873,18.87189328085172]},"id":"1_1_1_1_18","properties":{"Class":0}},{"type":"Feature","geometry":{"type":"Point","coordinates":[72.81588725908873,18.87254301388334]},"id":"1_1_1_1_19","properties":{"Class":0}},{"type":"Feature","geometry":{"type":"Point","coordinates":[72.84129314287779,18.887486178310386]},"id":"1_1_1_1_20","properties":{"Class":0}},{"type":"Feature","geometry":{"type":"Point","coordinates":[72.85708598955748,18.91801806300419]},"id":"1_1_1_1_21","properties":{"Class":0}},{"type":"Feature","geometry":{"type":"Point","coordinates":[72.86257915361998,18.945946606017284]},"id":"1_1_1_1_22","properties":{"Class":0}},{"type":"Feature","geometry":{"type":"Point","coordinates":[72.86875896319029,18.97646780823925]},"id":"1_1_1_1_23","properties":{"Class":0}},{"type":"Feature","geometry":{"type":"Point","coordinates":[72.88523845537779,18.97646780823925]},"id":"1_1_1_1_24","properties":{"Class":0}},{"type":"Feature","geometry":{"type":"Point","coordinates":[72.90309123858091,18.96413012256308]},"id":"1_1_1_1_25","properties":{"Class":0}},{"type":"Feature","geometry":{"type":"Point","coordinates":[72.88729839190123,18.940101483448863]},"id":"1_1_1_1_26","properties":{"Class":0}},{"type":"Feature","geometry":{"type":"Point","coordinates":[72.92025737627623,18.919317168526888]},"id":"1_1_1_1_27","properties":{"Class":0}},{"type":"Feature","geometry":{"type":"Point","coordinates":[72.89036593364904,18.919258061090172]},"id":"1_1_1_1_28","properties":{"Class":0}},{"type":"Feature","geometry":{"type":"Point","coordinates":[72.91714510845372,18.951083002514252]},"id":"1_1_1_1_29","properties":{"Class":0}},{"type":"Feature","geometry":{"type":"Point","coordinates":[72.89997897075841,18.893923674126665]},"id":"1_1_1_1_30","properties":{"Class":0}},{"type":"Feature","geometry":{"type":"Point","coordinates":[72.8656466953678,18.90691614672387]},"id":"1_1_1_1_31","properties":{"Class":0}},{"type":"Feature","geometry":{"type":"Point","coordinates":[72.85740694927404,18.878981083997278]},"id":"1_1_1_1_32","properties":{"Class":0}},{"type":"Feature","geometry":{"type":"Point","coordinates":[72.87457308696935,18.88222958655955]},"id":"1_1_1_1_33","properties":{"Class":0}},{"type":"Feature","geometry":{"type":"Point","coordinates":[72.83062777446935,18.858189176510795]},"id":"1_1_1_1_34","properties":{"Class":0}},{"type":"Feature","geometry":{"type":"Point","coordinates":[72.80728182720372,18.851041362912007]},"id":"1_1_1_1_35","properties":{"Class":0}},{"type":"Feature","geometry":{"type":"Point","coordinates":[72.83131441997716,19.030943344522044]},"id":"1_1_1_1_36","properties":{"Class":0}},{"type":"Feature","geometry":{"type":"Point","coordinates":[72.82307467388341,19.030943344522047]},"id":"1_1_1_1_37","properties":{"Class":0}},{"type":"Feature","geometry":{"type":"Point","coordinates":[72.8059085361881,19.030943344522047]},"id":"1_1_1_1_38","properties":{"Class":0}},{"type":"Feature","geometry":{"type":"Point","coordinates":[72.80384859966466,19.056256909714353]},"id":"1_1_1_1_39","properties":{"Class":0}},{"type":"Feature","geometry":{"type":"Point","coordinates":[72.81483492778966,19.078970923317094]},"id":"1_1_1_1_40","properties":{"Class":0}},{"type":"Feature","geometry":{"type":"Point","coordinates":[72.81002840923497,19.091300083978005]},"id":"1_1_1_1_41","properties":{"Class":0}},{"type":"Feature","geometry":{"type":"Point","coordinates":[72.80110201763341,19.110765310137957]},"id":"1_1_1_1_42","properties":{"Class":0}},{"type":"Feature","geometry":{"type":"Point","coordinates":[72.78462252544591,19.10622362888446]},"id":"1_1_1_1_43","properties":{"Class":0}},{"type":"Feature","geometry":{"type":"Point","coordinates":[72.78530917095372,19.09065120367182]},"id":"1_1_1_1_44","properties":{"Class":0}},{"type":"Feature","geometry":{"type":"Point","coordinates":[72.79560885357091,19.084811166473816]},"id":"1_1_1_1_45","properties":{"Class":0}},{"type":"Feature","geometry":{"type":"Point","coordinates":[72.79972872661779,19.049117577089397]},"id":"1_1_1_1_46","properties":{"Class":0}},{"type":"Feature","geometry":{"type":"Point","coordinates":[72.79629549907872,19.01990801867724]},"id":"1_1_1_1_47","properties":{"Class":0}},{"type":"Feature","geometry":{"type":"Point","coordinates":[72.79972872661779,18.992641131913288]},"id":"1_1_1_1_48","properties":{"Class":0}},{"type":"Feature","geometry":{"type":"Point","coordinates":[72.79217562603185,18.97575939170153]},"id":"1_1_1_1_49","properties":{"Class":0}},{"type":"Feature","geometry":{"type":"Point","coordinates":[72.77363619732091,19.02380292324928]},"id":"1_1_1_1_50","properties":{"Class":0}},{"type":"Feature","geometry":{"type":"Point","coordinates":[72.76676974224279,19.048468531617306]},"id":"1_1_1_1_51","properties":{"Class":0}},{"type":"Feature","geometry":{"type":"Point","coordinates":[72.7619632236881,19.09324670963566]},"id":"1_1_1_1_52","properties":{"Class":0}},{"type":"Feature","geometry":{"type":"Point","coordinates":[72.76676974224279,19.138012777327358]},"id":"1_1_1_1_53","properties":{"Class":0}},{"type":"Feature","geometry":{"type":"Point","coordinates":[72.75784335064122,19.14190490575331]},"id":"1_1_1_1_54","properties":{"Class":0}},{"type":"Feature","geometry":{"type":"Point","coordinates":[72.7454837315006,19.1584529247619]},"id":"1_1_1_1_55","properties":{"Class":0}},{"type":"Feature","geometry":{"type":"Point","coordinates":[72.75235018657872,19.179207310011627]},"id":"1_1_1_1_56","properties":{"Class":0}},{"type":"Feature","geometry":{"type":"Point","coordinates":[72.78668246196935,19.174667511572828]},"id":"1_1_1_1_57","properties":{"Class":0}},{"type":"Feature","geometry":{"type":"Point","coordinates":[72.77157626079747,19.19023201385952]},"id":"1_1_1_1_58","properties":{"Class":0}},{"type":"Feature","geometry":{"type":"Point","coordinates":[72.77226290630529,19.204498181693005]},"id":"1_1_1_1_59","properties":{"Class":0}},{"type":"Feature","geometry":{"type":"Point","coordinates":[72.76608309673497,19.232378482193546]},"id":"1_1_1_1_60","properties":{"Class":0}},{"type":"Feature","geometry":{"type":"Point","coordinates":[72.77226290630529,19.257661174157754]},"id":"1_1_1_1_61","properties":{"Class":0}},{"type":"Feature","geometry":{"type":"Point","coordinates":[72.7729495518131,19.276458598531864]},"id":"1_1_1_1_62","properties":{"Class":0}},{"type":"Feature","geometry":{"type":"Point","coordinates":[72.76882967876622,19.29266154389128]},"id":"1_1_1_1_63","properties":{"Class":0}},{"type":"Feature","geometry":{"type":"Point","coordinates":[72.78187594341466,19.314694975560908]},"id":"1_1_1_1_64","properties":{"Class":0}},{"type":"Feature","geometry":{"type":"Point","coordinates":[72.76058993267247,19.323118738419872]},"id":"1_1_1_1_65","properties":{"Class":0}},{"type":"Feature","geometry":{"type":"Point","coordinates":[72.75029025005529,19.30627077861278]},"id":"1_1_1_1_66","properties":{"Class":0}},{"type":"Feature","geometry":{"type":"Point","coordinates":[72.75372347759435,19.282291843549004]},"id":"1_1_1_1_67","properties":{"Class":0}},{"type":"Feature","geometry":{"type":"Point","coordinates":[72.76024637279681,19.350496883068942]},"id":"1_1_1_1_68","properties":{"Class":0}},{"type":"Feature","geometry":{"type":"Point","coordinates":[72.73896036205463,19.32004479135144]},"id":"1_1_1_1_69","properties":{"Class":0}},{"type":"Feature","geometry":{"type":"Point","coordinates":[72.72454080639056,19.26495745161904]},"id":"1_1_1_1_70","properties":{"Class":0}},{"type":"Feature","geometry":{"type":"Point","coordinates":[72.73003397045306,19.220225874254865]},"id":"1_1_1_1_71","properties":{"Class":0}},{"type":"Feature","geometry":{"type":"Point","coordinates":[72.7430802351015,19.246158708605645]},"id":"1_1_1_1_72","properties":{"Class":0}},{"type":"Feature","geometry":{"type":"Point","coordinates":[72.737587071039,19.198828204645725]},"id":"1_1_1_1_73","properties":{"Class":0}},{"type":"Feature","geometry":{"type":"Point","coordinates":[72.73346719799213,19.183913031409016]},"id":"1_1_1_1_74","properties":{"Class":0}},{"type":"Feature","geometry":{"type":"Point","coordinates":[72.72866067943744,19.158618998322286]},"id":"1_1_1_1_75","properties":{"Class":0}},{"type":"Feature","geometry":{"type":"Point","coordinates":[72.7423935895937,19.131374931212928]},"id":"1_1_1_1_76","properties":{"Class":0}},{"type":"Feature","geometry":{"type":"Point","coordinates":[72.73415384349994,19.153429998979988]},"id":"1_1_1_1_77","properties":{"Class":0}},{"type":"Feature","geometry":{"type":"Point","coordinates":[72.7540665632265,19.12229257644407]},"id":"1_1_1_1_78","properties":{"Class":0}},{"type":"Feature","geometry":{"type":"Point","coordinates":[72.72866067943744,19.11385851431107]},"id":"1_1_1_1_79","properties":{"Class":0}},{"type":"Feature","geometry":{"type":"Point","coordinates":[72.73796703486256,19.109053641936697]},"id":"1_1_1_1_80","properties":{"Class":0}},{"type":"Feature","geometry":{"type":"Point","coordinates":[72.74758007197194,19.086343753886062]},"id":"1_1_1_1_81","properties":{"Class":0}},{"type":"Feature","geometry":{"type":"Point","coordinates":[72.72972728876881,19.093481483080932]},"id":"1_1_1_1_82","properties":{"Class":0}},{"type":"Feature","geometry":{"type":"Point","coordinates":[72.74689342646413,19.066226680153573]},"id":"1_1_1_1_83","properties":{"Class":0}},{"type":"Feature","geometry":{"type":"Point","coordinates":[72.76268627314381,19.079854642159212]},"id":"1_1_1_1_84","properties":{"Class":0}},{"type":"Feature","geometry":{"type":"Point","coordinates":[72.75238659052663,19.041563710881054]},"id":"1_1_1_1_85","properties":{"Class":0}},{"type":"Feature","geometry":{"type":"Point","coordinates":[72.72766735224538,19.06103478083342]},"id":"1_1_1_1_86","properties":{"Class":0}},{"type":"Feature","geometry":{"type":"Point","coordinates":[72.74071361689381,19.029230851766922]},"id":"1_1_1_1_87","properties":{"Class":0}},{"type":"Feature","geometry":{"type":"Point","coordinates":[72.76131298212819,19.013002010614102]},"id":"1_1_1_1_88","properties":{"Class":0}},{"type":"Feature","geometry":{"type":"Point","coordinates":[72.740026971386,18.996122335402287]},"id":"1_1_1_1_89","properties":{"Class":0}},{"type":"Feature","geometry":{"type":"Point","coordinates":[72.751013299511,18.98638328236159]},"id":"1_1_1_1_90","properties":{"Class":0}},{"type":"Feature","geometry":{"type":"Point","coordinates":[72.72629406122975,18.96365661057059]},"id":"1_1_1_1_91","properties":{"Class":0}},{"type":"Feature","geometry":{"type":"Point","coordinates":[72.74346019892506,18.955214486118432]},"id":"1_1_1_1_92","properties":{"Class":0}},{"type":"Feature","geometry":{"type":"Point","coordinates":[72.71942760615163,18.995473082925557]},"id":"1_1_1_1_93","properties":{"Class":0}},{"type":"Feature","geometry":{"type":"Point","coordinates":[72.72423412470631,19.02338865151421]},"id":"1_1_1_1_94","properties":{"Class":0}},{"type":"Feature","geometry":{"type":"Point","coordinates":[72.73316051630788,18.935081542448177]},"id":"1_1_1_1_95","properties":{"Class":0}},{"type":"Feature","geometry":{"type":"Point","coordinates":[72.74895336298756,18.93053505787319]},"id":"1_1_1_1_96","properties":{"Class":0}},{"type":"Feature","geometry":{"type":"Point","coordinates":[72.75444652705006,18.91364703203671]},"id":"1_1_1_1_97","properties":{"Class":0}},{"type":"Feature","geometry":{"type":"Point","coordinates":[72.73659374384694,18.920142628526186]},"id":"1_1_1_1_98","properties":{"Class":0}},{"type":"Feature","geometry":{"type":"Point","coordinates":[72.75719310908131,18.88246465771401]},"id":"1_1_1_1_99","properties":{"Class":0}},{"type":"Feature","geometry":{"type":"Point","coordinates":[72.75719310908131,18.902603938940256]},"id":"1_1_1_1_100","properties":{"Class":0}},{"type":"Feature","geometry":{"type":"Point","coordinates":[72.74140026240163,18.899355831652112]},"id":"1_1_1_1_101","properties":{"Class":0}},{"type":"Feature","geometry":{"type":"Point","coordinates":[72.77916576533131,18.861023407176084]},"id":"1_1_1_1_102","properties":{"Class":0}},{"type":"Feature","geometry":{"type":"Point","coordinates":[72.76062633662038,18.870120030244966]},"id":"1_1_1_1_103","properties":{"Class":0}},{"type":"Feature","geometry":{"type":"Point","coordinates":[72.76126898341755,18.91465456027347]},"id":"1_1_1_1_104","properties":{"Class":0}},{"type":"Feature","geometry":{"type":"Point","coordinates":[72.7798084121285,18.880873595957144]},"id":"1_1_1_1_105","properties":{"Class":0}},{"type":"Feature","geometry":{"type":"Point","coordinates":[72.85361869741807,18.86464586678152]},"id":"1_1_1_1_106","properties":{"Class":0}},{"type":"Feature","geometry":{"type":"Point","coordinates":[72.8769646446837,18.873092564932218]},"id":"1_1_1_1_107","properties":{"Class":0}},{"type":"Feature","geometry":{"type":"Point","coordinates":[72.8714714806212,18.934805504632475]},"id":"1_1_1_1_108","properties":{"Class":0}},{"type":"Feature","geometry":{"type":"Point","coordinates":[72.7121697228087,18.941300278637126]},"id":"1_1_1_1_109","properties":{"Class":0}},{"type":"Feature","geometry":{"type":"Point","coordinates":[72.71285636831651,18.975718361168884]},"id":"1_1_1_1_110","properties":{"Class":0}},{"type":"Feature","geometry":{"type":"Point","coordinates":[72.69981010366807,19.003637243700304]},"id":"1_1_1_1_111","properties":{"Class":0}},{"type":"Feature","geometry":{"type":"Point","coordinates":[72.70324333120713,18.96338062001739]},"id":"1_1_1_1_112","properties":{"Class":0}},{"type":"Feature","geometry":{"type":"Point","coordinates":[72.69344232354256,18.987293508211042]},"id":"1_1_1_1_113","properties":{"Class":0}},{"type":"Feature","geometry":{"type":"Point","coordinates":[72.70511529717537,19.03143907486745]},"id":"1_1_1_1_114","properties":{"Class":0}},{"type":"Feature","geometry":{"type":"Point","coordinates":[72.71884820733162,19.061944597862137]},"id":"1_1_1_1_115","properties":{"Class":0}},{"type":"Feature","geometry":{"type":"Point","coordinates":[72.706488588191,19.081413274928842]},"id":"1_1_1_1_116","properties":{"Class":0}},{"type":"Feature","geometry":{"type":"Point","coordinates":[72.70442865166756,19.069732343132344]},"id":"1_1_1_1_117","properties":{"Class":0}},{"type":"Feature","geometry":{"type":"Point","coordinates":[72.7071752336988,19.132669840110545]},"id":"1_1_1_1_118","properties":{"Class":0}},{"type":"Feature","geometry":{"type":"Point","coordinates":[72.7016820696363,19.117099905459717]},"id":"1_1_1_1_119","properties":{"Class":0}},{"type":"Feature","geometry":{"type":"Point","coordinates":[72.70352352106269,19.16195537154279]},"id":"1_1_1_1_120","properties":{"Class":0}},{"type":"Feature","geometry":{"type":"Point","coordinates":[72.71176326715644,19.18724889253974]},"id":"1_1_1_1_121","properties":{"Class":0}},{"type":"Feature","geometry":{"type":"Point","coordinates":[72.71313655817207,19.218374046188853]},"id":"1_1_1_1_122","properties":{"Class":0}},{"type":"Feature","geometry":{"type":"Point","coordinates":[72.70901668512519,19.24301061385627]},"id":"1_1_1_1_123","properties":{"Class":0}},{"type":"Feature","geometry":{"type":"Point","coordinates":[72.70901668512519,19.27606966916333]},"id":"1_1_1_1_124","properties":{"Class":0}},{"type":"Feature","geometry":{"type":"Point","coordinates":[72.71982619985312,19.292735766435495]},"id":"1_1_1_1_125","properties":{"Class":0}},{"type":"Feature","geometry":{"type":"Point","coordinates":[72.70411377386688,19.313703285163285]},"id":"1_1_1_1_126","properties":{"Class":0}},{"type":"Feature","geometry":{"type":"Point","coordinates":[72.68214111761688,19.287133029338293]},"id":"1_1_1_1_127","properties":{"Class":0}},{"type":"Feature","geometry":{"type":"Point","coordinates":[72.69862060980438,19.24953847385925]},"id":"1_1_1_1_128","properties":{"Class":0}},{"type":"Feature","geometry":{"type":"Point","coordinates":[72.68557434515594,19.27352220347168]},"id":"1_1_1_1_129","properties":{"Class":0}},{"type":"Feature","geometry":{"type":"Point","coordinates":[72.6945007367575,19.314351286266024]},"id":"1_1_1_1_130","properties":{"Class":0}},{"type":"Feature","geometry":{"type":"Point","coordinates":[72.68076782660125,19.220364347817398]},"id":"1_1_1_1_131","properties":{"Class":0}},{"type":"Feature","geometry":{"type":"Point","coordinates":[72.67870789007782,19.261854881327302]},"id":"1_1_1_1_132","properties":{"Class":0}},{"type":"Feature","geometry":{"type":"Point","coordinates":[72.69106750921844,19.187294076732563]},"id":"1_1_1_1_133","properties":{"Class":0}},{"type":"Feature","geometry":{"type":"Point","coordinates":[72.69038086371064,19.20545112708404]},"id":"1_1_1_1_134","properties":{"Class":0}},{"type":"Feature","geometry":{"type":"Point","coordinates":[72.66360168890594,19.16589212522561]},"id":"1_1_1_1_135","properties":{"Class":0}},{"type":"Feature","geometry":{"type":"Point","coordinates":[72.66703491644502,19.19313048995422]},"id":"1_1_1_1_136","properties":{"Class":0}},{"type":"Feature","geometry":{"type":"Point","coordinates":[72.68008118109344,19.13735186751169]},"id":"1_1_1_1_137","properties":{"Class":0}},{"type":"Feature","geometry":{"type":"Point","coordinates":[72.68076782660125,19.163946355431346]},"id":"1_1_1_1_138","properties":{"Class":0}},{"type":"Feature","geometry":{"type":"Point","coordinates":[72.66016846136688,19.136510895059153]},"id":"1_1_1_1_139","properties":{"Class":0}},{"type":"Feature","geometry":{"type":"Point","coordinates":[72.67664795355438,19.10861437032834]},"id":"1_1_1_1_140","properties":{"Class":0}},{"type":"Feature","geometry":{"type":"Point","coordinates":[72.67664795355438,19.123536353086728]},"id":"1_1_1_1_141","properties":{"Class":0}},{"type":"Feature","geometry":{"type":"Point","coordinates":[72.67870789007782,19.089148891109783]},"id":"1_1_1_1_142","properties":{"Class":0}},{"type":"Feature","geometry":{"type":"Point","coordinates":[72.68694763617157,19.106667925462034]},"id":"1_1_1_1_143","properties":{"Class":0}},{"type":"Feature","geometry":{"type":"Point","coordinates":[72.68694763617157,19.060595381832954]},"id":"1_1_1_1_144","properties":{"Class":0}},{"type":"Feature","geometry":{"type":"Point","coordinates":[72.66909485296844,19.073574859652986]},"id":"1_1_1_1_145","properties":{"Class":0}},{"type":"Feature","geometry":{"type":"Point","coordinates":[72.67596130804657,19.048912983110196]},"id":"1_1_1_1_146","properties":{"Class":0}},{"type":"Feature","geometry":{"type":"Point","coordinates":[72.68557434515594,19.040475183582213]},"id":"1_1_1_1_147","properties":{"Class":0}},{"type":"Feature","geometry":{"type":"Point","coordinates":[72.69930725531219,19.062542368289407]},"id":"1_1_1_1_148","properties":{"Class":0}},{"type":"Feature","geometry":{"type":"Point","coordinates":[72.67596130804657,19.015808388070525]},"id":"1_1_1_1_149","properties":{"Class":0}},{"type":"Feature","geometry":{"type":"Point","coordinates":[72.66222839789032,18.998078332169417]},"id":"1_1_1_1_150","properties":{"Class":0}},{"type":"Feature","geometry":{"type":"Point","coordinates":[72.66978149847625,18.983145060030868]},"id":"1_1_1_1_151","properties":{"Class":0}},{"type":"Feature","geometry":{"type":"Point","coordinates":[72.68076782660125,18.96041794659803]},"id":"1_1_1_1_152","properties":{"Class":0}},{"type":"Feature","geometry":{"type":"Point","coordinates":[72.69175415472625,18.942234025448276]},"id":"1_1_1_1_153","properties":{"Class":0}},{"type":"Feature","geometry":{"type":"Point","coordinates":[72.70892029242157,18.919501338657323]},"id":"1_1_1_1_154","properties":{"Class":0}},{"type":"Feature","geometry":{"type":"Point","coordinates":[72.92864685492157,18.98704082536861]},"id":"1_1_1_1_155","properties":{"Class":0}},{"type":"Feature","geometry":{"type":"Point","coordinates":[72.94649963812469,18.990287226863806]},"id":"1_1_1_1_156","properties":{"Class":0}},{"type":"Feature","geometry":{"type":"Point","coordinates":[72.96503906683563,18.98769011073123]},"id":"1_1_1_1_157","properties":{"Class":0}},{"type":"Feature","geometry":{"type":"Point","coordinates":[72.98995393734674,18.992884302484164]},"id":"1_1_1_1_158","properties":{"Class":0}},{"type":"Feature","geometry":{"type":"Point","coordinates":[72.95836824398738,19.01171188872967]},"id":"1_1_1_1_159","properties":{"Class":0}},{"type":"Feature","geometry":{"type":"Point","coordinates":[72.97484773617487,18.982495756948275]},"id":"1_1_1_1_160","properties":{"Class":0}},{"type":"Feature","geometry":{"type":"Point","coordinates":[72.98034090023737,19.025344327602795]},"id":"1_1_1_1_161","properties":{"Class":0}},{"type":"Feature","geometry":{"type":"Point","coordinates":[72.94738191586237,18.98054783251398]},"id":"1_1_1_1_162","properties":{"Class":0}},{"type":"Feature","geometry":{"type":"Point","coordinates":[72.84068210753338,18.85235560070384]},"id":"1_1_1_1_163","properties":{"Class":0}},{"type":"Feature","geometry":{"type":"Point","coordinates":[72.81870945128338,18.837409305554953]},"id":"1_1_1_1_164","properties":{"Class":0}},{"type":"Feature","geometry":{"type":"Point","coordinates":[72.79261692198651,18.842608167837138]},"id":"1_1_1_1_165","properties":{"Class":0}},{"type":"Feature","geometry":{"type":"Point","coordinates":[72.77613742979901,18.845207538614304]},"id":"1_1_1_1_166","properties":{"Class":0}},{"type":"Feature","geometry":{"type":"Point","coordinates":[72.75759800108808,18.861452693894773]},"id":"1_1_1_1_167","properties":{"Class":0}},{"type":"Feature","geometry":{"type":"Point","coordinates":[72.73562534483807,18.8744476853432]},"id":"1_1_1_1_168","properties":{"Class":0}},{"type":"Feature","geometry":{"type":"Point","coordinates":[72.71365268858807,18.911477881294903]},"id":"1_1_1_1_169","properties":{"Class":0}},{"type":"Feature","geometry":{"type":"Point","coordinates":[72.8413687530412,18.84390785825654]},"id":"1_1_1_1_170","properties":{"Class":0}},{"type":"Feature","geometry":{"type":"Point","coordinates":[72.87364109190838,18.85365521564657]},"id":"1_1_1_1_171","properties":{"Class":0}},{"type":"Feature","geometry":{"type":"Point","coordinates":[72.88737400206463,18.8686000638406]},"id":"1_1_1_1_172","properties":{"Class":0}},{"type":"Feature","geometry":{"type":"Point","coordinates":[72.66352756651776,19.049132172537917]},"id":"1_1_1_1_173","properties":{"Class":0}},{"type":"Feature","geometry":{"type":"Point","coordinates":[72.65048130186932,19.030308825100434]},"id":"1_1_1_1_174","properties":{"Class":0}},{"type":"Feature","geometry":{"type":"Point","coordinates":[72.6491080108537,19.004342087199966]},"id":"1_1_1_1_175","properties":{"Class":0}},{"type":"Feature","geometry":{"type":"Point","coordinates":[72.65116794737713,18.969929916199845]},"id":"1_1_1_1_176","properties":{"Class":0}},{"type":"Feature","geometry":{"type":"Point","coordinates":[72.6655875030412,18.9452526643783]},"id":"1_1_1_1_177","properties":{"Class":0}},{"type":"Feature","geometry":{"type":"Point","coordinates":[72.68618686827557,18.918623116251066]},"id":"1_1_1_1_178","properties":{"Class":0}},{"type":"Feature","geometry":{"type":"Point","coordinates":[72.71227939757244,18.867300564693323]},"id":"1_1_1_1_179","properties":{"Class":0}},{"type":"Feature","geometry":{"type":"Point","coordinates":[72.69991977843182,18.895237575707842]},"id":"1_1_1_1_180","properties":{"Class":0}},{"type":"Feature","geometry":{"type":"Point","coordinates":[72.67382724913494,18.937459089748643]},"id":"1_1_1_1_181","properties":{"Class":0}},{"type":"Feature","geometry":{"type":"Point","coordinates":[72.7095328155412,18.888091341976043]},"id":"1_1_1_1_182","properties":{"Class":0}},{"type":"Feature","geometry":{"type":"Point","coordinates":[72.72669895323651,18.862752238362614]},"id":"1_1_1_1_183","properties":{"Class":0}},{"type":"Feature","geometry":{"type":"Point","coordinates":[72.7479849639787,18.84455769969315]},"id":"1_1_1_1_184","properties":{"Class":0}},{"type":"Feature","geometry":{"type":"Point","coordinates":[72.76583774718182,18.83026060714159]},"id":"1_1_1_1_185","properties":{"Class":0}},{"type":"Feature","geometry":{"type":"Point","coordinates":[72.7864371124162,18.825061362691233]},"id":"1_1_1_1_186","properties":{"Class":0}},{"type":"Feature","geometry":{"type":"Point","coordinates":[72.81870945128338,18.82441144582446]},"id":"1_1_1_1_187","properties":{"Class":0}},{"type":"Feature","geometry":{"type":"Point","coordinates":[72.84960849913494,18.836759436452887]},"id":"1_1_1_1_188","properties":{"Class":0}},{"type":"Feature","geometry":{"type":"Point","coordinates":[72.86402805479901,18.84585737501988]},"id":"1_1_1_1_189","properties":{"Class":0}},{"type":"Feature","geometry":{"type":"Point","coordinates":[72.90454013975994,18.859503358312683]},"id":"1_1_1_1_190","properties":{"Class":0}},{"type":"Feature","geometry":{"type":"Point","coordinates":[72.66215427550213,19.039396224793432]},"id":"1_1_1_1_191","properties":{"Class":0}},{"type":"Feature","geometry":{"type":"Point","coordinates":[72.63743503722088,19.06795338495442]},"id":"1_1_1_1_192","properties":{"Class":0}},{"type":"Feature","geometry":{"type":"Point","coordinates":[72.64567478331463,19.077038722831002]},"id":"1_1_1_1_193","properties":{"Class":0}},{"type":"Feature","geometry":{"type":"Point","coordinates":[72.64636142882244,19.10039873210414]},"id":"1_1_1_1_194","properties":{"Class":0}},{"type":"Feature","geometry":{"type":"Point","coordinates":[72.64773471983807,19.119214119359746]},"id":"1_1_1_1_195","properties":{"Class":0}},{"type":"Feature","geometry":{"type":"Point","coordinates":[72.66490085753338,19.1062382193028]},"id":"1_1_1_1_196","properties":{"Class":0}},{"type":"Feature","geometry":{"type":"Point","coordinates":[72.66146762999432,19.0809322865662]},"id":"1_1_1_1_197","properties":{"Class":0}},{"type":"Feature","geometry":{"type":"Point","coordinates":[72.65048130186932,19.068602354177447]},"id":"1_1_1_1_198","properties":{"Class":0}},{"type":"Feature","geometry":{"type":"Point","coordinates":[72.63949497374432,19.05107929355067]},"id":"1_1_1_1_199","properties":{"Class":0}},{"type":"Feature","geometry":{"type":"Point","coordinates":[72.70815952452557,19.0543244444598]},"id":"1_1_1_1_200","properties":{"Class":0}},{"type":"Feature","geometry":{"type":"Point","coordinates":[72.73287876280682,19.051728328810576]},"id":"1_1_1_1_201","properties":{"Class":0}},{"type":"Feature","geometry":{"type":"Point","coordinates":[72.75485141905682,19.03095794156841]},"id":"1_1_1_1_202","properties":{"Class":0}},{"type":"Feature","geometry":{"type":"Point","coordinates":[72.71567151959788,19.10607845055164]},"id":"1_1_1_1_203","properties":{"Class":0}},{"type":"Feature","geometry":{"type":"Point","coordinates":[72.700565318426,19.106727270364704]},"id":"1_1_1_1_204","properties":{"Class":0}},{"type":"Feature","geometry":{"type":"Point","coordinates":[72.72185132916819,19.144354462350805]},"id":"1_1_1_1_205","properties":{"Class":0}},{"type":"Feature","geometry":{"type":"Point","coordinates":[72.71567151959788,19.163813438703013]},"id":"1_1_1_1_206","properties":{"Class":0}},{"type":"Feature","geometry":{"type":"Point","coordinates":[72.71979139264475,19.211802424317757]},"id":"1_1_1_1_207","properties":{"Class":0}},{"type":"Feature","geometry":{"type":"Point","coordinates":[72.69987867291819,19.23319840525563]},"id":"1_1_1_1_208","properties":{"Class":0}},{"type":"Feature","geometry":{"type":"Point","coordinates":[72.67515943463694,19.248757368170825]},"id":"1_1_1_1_209","properties":{"Class":0}},{"type":"Feature","geometry":{"type":"Point","coordinates":[72.72665784772288,19.244219489665372]},"id":"1_1_1_1_210","properties":{"Class":0}},{"type":"Feature","geometry":{"type":"Point","coordinates":[72.69987702021216,19.30385951574768]},"id":"1_1_1_1_211","properties":{"Class":0}},{"type":"Feature","geometry":{"type":"Point","coordinates":[72.66623139032933,19.232559445939177]},"id":"1_1_1_1_212","properties":{"Class":0}},{"type":"Feature","geometry":{"type":"Point","coordinates":[72.66623139032933,19.25849033224001]},"id":"1_1_1_1_213","properties":{"Class":0}},{"type":"Feature","geometry":{"type":"Point","coordinates":[72.66005158075902,19.216998948280164]},"id":"1_1_1_1_214","properties":{"Class":0}},{"type":"Feature","geometry":{"type":"Point","coordinates":[72.65524506220433,19.18652204061117]},"id":"1_1_1_1_215","properties":{"Class":0}},{"type":"Feature","geometry":{"type":"Point","coordinates":[72.65112518915745,19.153444970942886]},"id":"1_1_1_1_216","properties":{"Class":0}},{"type":"Feature","geometry":{"type":"Point","coordinates":[72.65043854364964,19.19022081375955]},"id":"1_1_1_1_217","properties":{"Class":0}},{"type":"Feature","geometry":{"type":"Point","coordinates":[72.64563202509495,19.14092817678407]},"id":"1_1_1_1_218","properties":{"Class":0}},{"type":"Feature","geometry":{"type":"Point","coordinates":[72.63474100510457,19.103750501479688]},"id":"1_1_1_1_219","properties":{"Class":0}},{"type":"Feature","geometry":{"type":"Point","coordinates":[72.63680094162801,19.13683753135819]},"id":"1_1_1_1_220","properties":{"Class":0}},{"type":"Feature","geometry":{"type":"Point","coordinates":[72.63886087815145,19.0382056822127]},"id":"1_1_1_1_221","properties":{"Class":0}},{"type":"Feature","geometry":{"type":"Point","coordinates":[72.68692606369832,19.029118217373345]},"id":"1_1_1_1_222","properties":{"Class":0}},{"type":"Feature","geometry":{"type":"Point","coordinates":[72.73293131272176,19.021977717662104]},"id":"1_1_1_1_223","properties":{"Class":0}},{"type":"Feature","geometry":{"type":"Point","coordinates":[72.73705118576864,18.98107622089247]},"id":"1_1_1_1_224","properties":{"Class":0}},{"type":"Feature","geometry":{"type":"Point","coordinates":[72.75833719651082,18.978478961118906]},"id":"1_1_1_1_225","properties":{"Class":0}},{"type":"Feature","geometry":{"type":"Point","coordinates":[72.74185770432332,19.02327601316013]},"id":"1_1_1_1_226","properties":{"Class":0}},{"type":"Feature","geometry":{"type":"Point","coordinates":[72.71645182053426,19.093368892320957]},"id":"1_1_1_1_227","properties":{"Class":0}},{"type":"Feature","geometry":{"type":"Point","coordinates":[72.68967264572957,19.096613215147986]},"id":"1_1_1_1_228","properties":{"Class":0}},{"type":"Feature","geometry":{"type":"Point","coordinates":[72.68967264572957,19.145270420330988]},"id":"1_1_1_1_229","properties":{"Class":0}},{"type":"Feature","geometry":{"type":"Point","coordinates":[72.70065897385457,19.15824325427548]},"id":"1_1_1_1_230","properties":{"Class":0}},{"type":"Feature","geometry":{"type":"Point","coordinates":[72.73018473069051,19.137486230418798]},"id":"1_1_1_1_231","properties":{"Class":0}},{"type":"Feature","geometry":{"type":"Point","coordinates":[72.65946024338582,19.02846909371653]},"id":"1_1_1_1_232","properties":{"Class":0}},{"type":"Feature","geometry":{"type":"Point","coordinates":[72.67799967209676,19.01029260184247]},"id":"1_1_1_1_233","properties":{"Class":0}},{"type":"Feature","geometry":{"type":"Point","coordinates":[72.6910459367452,19.02392515710556]},"id":"1_1_1_1_234","properties":{"Class":0}},{"type":"Feature","geometry":{"type":"Point","coordinates":[72.71233194748739,19.022626866678966]},"id":"1_1_1_1_235","properties":{"Class":0}},{"type":"Feature","geometry":{"type":"Point","coordinates":[72.72194498459676,19.050537874684938]},"id":"1_1_1_1_236","properties":{"Class":0}},{"type":"Feature","geometry":{"type":"Point","coordinates":[72.72194498459676,19.088177843530875]},"id":"1_1_1_1_237","properties":{"Class":0}},{"type":"Feature","geometry":{"type":"Point","coordinates":[72.71233194748739,19.135540125591344]},"id":"1_1_1_1_238","properties":{"Class":0}},{"type":"Feature","geometry":{"type":"Point","coordinates":[72.67799967209676,18.985621328050993]},"id":"1_1_1_1_239","properties":{"Class":0}},{"type":"Feature","geometry":{"type":"Point","coordinates":[72.71507852951864,19.01938109623944]},"id":"1_1_1_1_240","properties":{"Class":0}},{"type":"Feature","geometry":{"type":"Point","coordinates":[72.74941080490926,19.014836911143345]},"id":"1_1_1_1_241","properties":{"Class":0}},{"type":"Feature","geometry":{"type":"Point","coordinates":[72.63268106858114,18.99536042566331]},"id":"1_1_1_1_242","properties":{"Class":0}},{"type":"Feature","geometry":{"type":"Point","coordinates":[72.63336771408895,19.02392515710556]},"id":"1_1_1_1_243","properties":{"Class":0}},{"type":"Feature","geometry":{"type":"Point","coordinates":[72.63336771408895,18.971985634547977]},"id":"1_1_1_1_244","properties":{"Class":0}},{"type":"Feature","geometry":{"type":"Point","coordinates":[72.64435404221395,18.957699425656255]},"id":"1_1_1_1_245","properties":{"Class":0}},{"type":"Feature","geometry":{"type":"Point","coordinates":[72.64916056076864,18.942762535238877]},"id":"1_1_1_1_246","properties":{"Class":0}},{"type":"Feature","geometry":{"type":"Point","coordinates":[72.64821931832805,18.944616028096945]},"id":"1_1_1_1_247","properties":{"Class":0}},{"type":"Feature","geometry":{"type":"Point","coordinates":[72.66263887399211,18.971890777046323]},"id":"1_1_1_1_248","properties":{"Class":0}},{"type":"Feature","geometry":{"type":"Point","coordinates":[72.64615938180461,18.990071464017475]},"id":"1_1_1_1_249","properties":{"Class":0}},{"type":"Feature","geometry":{"type":"Point","coordinates":[72.65989229196086,18.941368737164048]},"id":"1_1_1_1_250","properties":{"Class":0}},{"type":"Feature","geometry":{"type":"Point","coordinates":[72.91631023903462,19.158050721917814]},"id":"1_1_1_2_0","properties":{"Class":4}},{"type":"Feature","geometry":{"type":"Point","coordinates":[72.91476528664204,19.157402103692867]},"id":"1_1_1_2_1","properties":{"Class":4}},{"type":"Feature","geometry":{"type":"Point","coordinates":[72.9152802707729,19.156915638350117]},"id":"1_1_1_2_2","properties":{"Class":4}},{"type":"Feature","geometry":{"type":"Point","coordinates":[72.91329900139769,19.155219765268765]},"id":"1_1_1_2_3","properties":{"Class":4}},{"type":"Feature","geometry":{"type":"Point","coordinates":[72.91553059929808,19.154246820275382]},"id":"1_1_1_2_4","properties":{"Class":4}},{"type":"Feature","geometry":{"type":"Point","coordinates":[72.91535893792113,19.151976592974098]},"id":"1_1_1_2_5","properties":{"Class":4}},{"type":"Feature","geometry":{"type":"Point","coordinates":[72.91209737175902,19.153273869543316]},"id":"1_1_1_2_6","properties":{"Class":4}},{"type":"Feature","geometry":{"type":"Point","coordinates":[72.91312734002074,19.150679306203784]},"id":"1_1_1_2_7","properties":{"Class":4}},{"type":"Feature","geometry":{"type":"Point","coordinates":[72.90832082146605,19.14808470206217]},"id":"1_1_1_2_8","properties":{"Class":4}},{"type":"Feature","geometry":{"type":"Point","coordinates":[72.9114107262512,19.148571193446465]},"id":"1_1_1_2_9","properties":{"Class":4}},{"type":"Feature","geometry":{"type":"Point","coordinates":[72.91467229241333,19.149706334431915]},"id":"1_1_1_2_10","properties":{"Class":4}},{"type":"Feature","geometry":{"type":"Point","coordinates":[72.90935078972777,19.1451657236374]},"id":"1_1_1_2_11","properties":{"Class":4}},{"type":"Feature","geometry":{"type":"Point","coordinates":[72.90523091668089,19.131056600232597]},"id":"1_1_1_2_12","properties":{"Class":4}},{"type":"Feature","geometry":{"type":"Point","coordinates":[72.90523091668089,19.13024569443788]},"id":"1_1_1_2_13","properties":{"Class":4}},{"type":"Feature","geometry":{"type":"Point","coordinates":[72.90252128867029,19.130436596752844]},"id":"1_1_1_2_14","properties":{"Class":4}},{"type":"Feature","geometry":{"type":"Point","coordinates":[72.90526787070154,19.127841674457148]},"id":"1_1_1_2_15","properties":{"Class":4}},{"type":"Feature","geometry":{"type":"Point","coordinates":[72.90131965903161,19.127841674457148]},"id":"1_1_1_2_16","properties":{"Class":4}},{"type":"Feature","geometry":{"type":"Point","coordinates":[72.90372291830896,19.124435777086948]},"id":"1_1_1_2_17","properties":{"Class":4}},{"type":"Feature","geometry":{"type":"Point","coordinates":[72.958210422944,19.067642601445588]},"id":"1_1_1_2_18","properties":{"Class":4}},{"type":"Feature","geometry":{"type":"Point","coordinates":[72.95477719540494,19.06650689706228]},"id":"1_1_1_2_19","properties":{"Class":4}},{"type":"Feature","geometry":{"type":"Point","coordinates":[72.95134396786588,19.06261299439511]},"id":"1_1_1_2_20","properties":{"Class":4}},{"type":"Feature","geometry":{"type":"Point","coordinates":[72.94825406308073,19.058881251861308]},"id":"1_1_1_2_21","properties":{"Class":4}},{"type":"Feature","geometry":{"type":"Point","coordinates":[72.94464917416471,19.058556748541957]},"id":"1_1_1_2_22","properties":{"Class":4}},{"type":"Feature","geometry":{"type":"Point","coordinates":[72.84616516064989,19.04719565214766]},"id":"1_1_1_2_23","properties":{"Class":4}},{"type":"Feature","geometry":{"type":"Point","coordinates":[72.8520016474663,19.048169226871607]},"id":"1_1_1_2_24","properties":{"Class":4}},{"type":"Feature","geometry":{"type":"Point","coordinates":[72.85543487500536,19.05352378574889]},"id":"1_1_1_2_25","properties":{"Class":4}},{"type":"Feature","geometry":{"type":"Point","coordinates":[72.86230133008348,19.05417281144575]},"id":"1_1_1_2_26","properties":{"Class":4}},{"type":"Feature","geometry":{"type":"Point","coordinates":[72.86676452588426,19.055633109979453]},"id":"1_1_1_2_27","properties":{"Class":4}},{"type":"Feature","geometry":{"type":"Point","coordinates":[72.86985443066942,19.059202674494657]},"id":"1_1_1_2_28","properties":{"Class":4}},{"type":"Feature","geometry":{"type":"Point","coordinates":[72.87157104443895,19.064719123077055]},"id":"1_1_1_2_29","properties":{"Class":4}},{"type":"Feature","geometry":{"type":"Point","coordinates":[72.87294433545458,19.069910907016382]},"id":"1_1_1_2_30","properties":{"Class":4}},{"type":"Feature","geometry":{"type":"Point","coordinates":[72.87157104443895,19.07542699926225]},"id":"1_1_1_2_31","properties":{"Class":4}},{"type":"Feature","geometry":{"type":"Point","coordinates":[72.87637756299364,19.07850944142026]},"id":"1_1_1_2_32","properties":{"Class":4}},{"type":"Feature","geometry":{"type":"Point","coordinates":[72.87826583814012,19.08467415366759]},"id":"1_1_1_2_33","properties":{"Class":4}},{"type":"Feature","geometry":{"type":"Point","coordinates":[72.85474822949755,19.05222572673778]},"id":"1_1_1_2_34","properties":{"Class":4}},{"type":"Feature","geometry":{"type":"Point","coordinates":[72.84959838818895,19.047357914998287]},"id":"1_1_1_2_35","properties":{"Class":4}},{"type":"Feature","geometry":{"type":"Point","coordinates":[72.83924980347487,19.252021391103547]},"id":"1_1_1_2_36","properties":{"Class":4}},{"type":"Feature","geometry":{"type":"Point","coordinates":[72.83684654419753,19.24861806169102]},"id":"1_1_1_2_37","properties":{"Class":4}},{"type":"Feature","geometry":{"type":"Point","coordinates":[72.83341331665846,19.247645668892574]},"id":"1_1_1_2_38","properties":{"Class":4}},{"type":"Feature","geometry":{"type":"Point","coordinates":[72.82860679810378,19.246349136197686]},"id":"1_1_1_2_39","properties":{"Class":4}},{"type":"Feature","geometry":{"type":"Point","coordinates":[72.82534523194167,19.244890524671675]},"id":"1_1_1_2_40","properties":{"Class":4}},{"type":"Feature","geometry":{"type":"Point","coordinates":[72.82380027954909,19.241000830559667]},"id":"1_1_1_2_41","properties":{"Class":4}},{"type":"Feature","geometry":{"type":"Point","coordinates":[72.82225532715651,19.23565235066135]},"id":"1_1_1_2_42","properties":{"Class":4}},{"type":"Feature","geometry":{"type":"Point","coordinates":[72.81847877686354,19.229331195262258]},"id":"1_1_1_2_43","properties":{"Class":4}},{"type":"Feature","geometry":{"type":"Point","coordinates":[72.81401558106276,19.226737830363593]},"id":"1_1_1_2_44","properties":{"Class":4}},{"type":"Feature","geometry":{"type":"Point","coordinates":[72.81161232178542,19.221550977753598]},"id":"1_1_1_2_45","properties":{"Class":4}},{"type":"Feature","geometry":{"type":"Point","coordinates":[72.80629081909987,19.217012347417764]},"id":"1_1_1_2_46","properties":{"Class":4}},{"type":"Feature","geometry":{"type":"Point","coordinates":[72.80714912598464,19.21344619280655]},"id":"1_1_1_2_47","properties":{"Class":4}},{"type":"Feature","geometry":{"type":"Point","coordinates":[72.80131263916823,19.208258920741148]},"id":"1_1_1_2_48","properties":{"Class":4}},{"type":"Feature","geometry":{"type":"Point","coordinates":[72.80304586824661,19.221059500695745]},"id":"1_1_1_2_49","properties":{"Class":4}},{"type":"Feature","geometry":{"type":"Point","coordinates":[72.79995596346146,19.20290417324536]},"id":"1_1_1_2_50","properties":{"Class":4}},{"type":"Feature","geometry":{"type":"Point","coordinates":[72.79532110628372,19.201283064394232]},"id":"1_1_1_2_51","properties":{"Class":4}},{"type":"Feature","geometry":{"type":"Point","coordinates":[72.79532110628372,19.19723022238291]},"id":"1_1_1_2_52","properties":{"Class":4}},{"type":"Feature","geometry":{"type":"Point","coordinates":[72.8007222416187,19.139187634791135]},"id":"1_1_1_2_53","properties":{"Class":4}},{"type":"Feature","geometry":{"type":"Point","coordinates":[72.8036404850269,19.143404073102943]},"id":"1_1_1_2_54","properties":{"Class":4}},{"type":"Feature","geometry":{"type":"Point","coordinates":[72.8036404850269,19.147782568116785]},"id":"1_1_1_2_55","properties":{"Class":4}},{"type":"Feature","geometry":{"type":"Point","coordinates":[72.80690205118901,19.152809585790102]},"id":"1_1_1_2_56","properties":{"Class":4}},{"type":"Feature","geometry":{"type":"Point","coordinates":[72.81067860148198,19.15540411562543]},"id":"1_1_1_2_57","properties":{"Class":4}},{"type":"Feature","geometry":{"type":"Point","coordinates":[72.81308186075933,19.159944444633858]},"id":"1_1_1_2_58","properties":{"Class":4}},{"type":"Feature","geometry":{"type":"Point","coordinates":[72.8168584110523,19.16189026165703]},"id":"1_1_1_2_59","properties":{"Class":4}},{"type":"Feature","geometry":{"type":"Point","coordinates":[72.81909000895268,19.16561968009957]},"id":"1_1_1_2_60","properties":{"Class":4}},{"type":"Feature","geometry":{"type":"Point","coordinates":[72.82183659098393,19.169835442831097]},"id":"1_1_1_2_61","properties":{"Class":4}},{"type":"Feature","geometry":{"type":"Point","coordinates":[72.82629978678472,19.174861788228913]},"id":"1_1_1_2_62","properties":{"Class":4}},{"type":"Feature","geometry":{"type":"Point","coordinates":[72.82767307780034,19.177131700409355]},"id":"1_1_1_2_63","properties":{"Class":4}},{"type":"Feature","geometry":{"type":"Point","coordinates":[72.82612812540776,19.181347168623088]},"id":"1_1_1_2_64","properties":{"Class":4}},{"type":"Feature","geometry":{"type":"Point","coordinates":[72.82664310953862,19.184914018997944]},"id":"1_1_1_2_65","properties":{"Class":4}},{"type":"Feature","geometry":{"type":"Point","coordinates":[72.82973301432378,19.19010202707913]},"id":"1_1_1_2_66","properties":{"Class":4}},{"type":"Feature","geometry":{"type":"Point","coordinates":[72.82801640055425,19.167403285183397]},"id":"1_1_1_2_67","properties":{"Class":4}},{"type":"Feature","geometry":{"type":"Point","coordinates":[72.84037431383697,19.0490337466622]},"id":"1_1_1_2_68","properties":{"Class":4}},{"type":"Feature","geometry":{"type":"Point","coordinates":[72.836597763544,19.047411127402373]},"id":"1_1_1_2_69","properties":{"Class":4}},{"type":"Feature","geometry":{"type":"Point","coordinates":[72.98247051698887,19.17649895074042]},"id":"1_1_1_2_70","properties":{"Class":4}},{"type":"Feature","geometry":{"type":"Point","coordinates":[72.98212719423496,19.170986231456176]},"id":"1_1_1_2_71","properties":{"Class":4}},{"type":"Feature","geometry":{"type":"Point","coordinates":[72.98281383974278,19.16514903356495]},"id":"1_1_1_2_72","properties":{"Class":4}},{"type":"Feature","geometry":{"type":"Point","coordinates":[72.98144054872715,19.15574422445112]},"id":"1_1_1_2_73","properties":{"Class":4}},{"type":"Feature","geometry":{"type":"Point","coordinates":[72.98521709902012,19.162554657042104]},"id":"1_1_1_2_74","properties":{"Class":4}},{"type":"Feature","geometry":{"type":"Point","coordinates":[72.9786939666959,19.154446967309337]},"id":"1_1_1_2_75","properties":{"Class":4}},{"type":"Feature","geometry":{"type":"Point","coordinates":[72.9786939666959,19.168067658350473]},"id":"1_1_1_2_76","properties":{"Class":4}},{"type":"Feature","geometry":{"type":"Point","coordinates":[72.98144054872715,19.15250106246767]},"id":"1_1_1_2_77","properties":{"Class":4}},{"type":"Feature","geometry":{"type":"Point","coordinates":[72.9786939666959,19.14536588168739]},"id":"1_1_1_2_78","properties":{"Class":4}},{"type":"Feature","geometry":{"type":"Point","coordinates":[72.97560406191074,19.130770232978517]},"id":"1_1_1_2_79","properties":{"Class":4}},{"type":"Feature","geometry":{"type":"Point","coordinates":[72.97217083437168,19.122336603524086]},"id":"1_1_1_2_80","properties":{"Class":4}},{"type":"Feature","geometry":{"type":"Point","coordinates":[72.97732067568028,19.120065937429235]},"id":"1_1_1_2_81","properties":{"Class":4}},{"type":"Feature","geometry":{"type":"Point","coordinates":[72.96873760683262,19.11422693851357]},"id":"1_1_1_2_82","properties":{"Class":4}},{"type":"Feature","geometry":{"type":"Point","coordinates":[72.97594738466465,19.11292935519087]},"id":"1_1_1_2_83","properties":{"Class":4}},{"type":"Feature","geometry":{"type":"Point","coordinates":[72.9567213104459,19.102548322052716]},"id":"1_1_1_2_84","properties":{"Class":4}},{"type":"Feature","geometry":{"type":"Point","coordinates":[72.9758278936771,19.102949424177744]},"id":"1_1_1_2_85","properties":{"Class":4}},{"type":"Feature","geometry":{"type":"Point","coordinates":[72.96518488830601,19.09581210329041]},"id":"1_1_1_2_86","properties":{"Class":4}},{"type":"Feature","geometry":{"type":"Point","coordinates":[72.97479792541539,19.08899891893095]},"id":"1_1_1_2_87","properties":{"Class":4}},{"type":"Feature","geometry":{"type":"Point","coordinates":[72.96106501525914,19.07666958694776]},"id":"1_1_1_2_88","properties":{"Class":4}},{"type":"Feature","geometry":{"type":"Point","coordinates":[73.0026433726515,19.234562511666]},"id":"1_1_1_2_89","properties":{"Class":4}},{"type":"Feature","geometry":{"type":"Point","coordinates":[72.99989679062026,19.248500702270984]},"id":"1_1_1_2_90","properties":{"Class":4}},{"type":"Feature","geometry":{"type":"Point","coordinates":[72.99577691757338,19.25984486717922]},"id":"1_1_1_2_91","properties":{"Class":4}},{"type":"Feature","geometry":{"type":"Point","coordinates":[72.98994043075697,19.2643823134372]},"id":"1_1_1_2_92","properties":{"Class":4}},{"type":"Feature","geometry":{"type":"Point","coordinates":[72.99062707626479,19.274753147551124]},"id":"1_1_1_2_93","properties":{"Class":4}},{"type":"Feature","geometry":{"type":"Point","coordinates":[72.98788049423354,19.28188271525495]},"id":"1_1_1_2_94","properties":{"Class":4}},{"type":"Feature","geometry":{"type":"Point","coordinates":[72.98067071640152,19.287067660476943]},"id":"1_1_1_2_95","properties":{"Class":4}},{"type":"Feature","geometry":{"type":"Point","coordinates":[72.97346093856947,19.293224569670006]},"id":"1_1_1_2_96","properties":{"Class":4}},{"type":"Feature","geometry":{"type":"Point","coordinates":[72.96075799667494,19.295816883205294]},"id":"1_1_1_2_97","properties":{"Class":4}},{"type":"Feature","geometry":{"type":"Point","coordinates":[72.96522119247574,19.298733186848757]},"id":"1_1_1_2_98","properties":{"Class":4}},{"type":"Feature","geometry":{"type":"Point","coordinates":[72.94839837753432,19.29711302457447]},"id":"1_1_1_2_99","properties":{"Class":4}},{"type":"Feature","geometry":{"type":"Point","coordinates":[72.94290521347182,19.294520731570262]},"id":"1_1_1_2_100","properties":{"Class":4}},{"type":"Feature","geometry":{"type":"Point","coordinates":[72.942218567964,19.289011972606875]},"id":"1_1_1_2_101","properties":{"Class":4}},{"type":"Feature","geometry":{"type":"Point","coordinates":[72.93809869491713,19.287067660476943]},"id":"1_1_1_2_102","properties":{"Class":4}},{"type":"Feature","geometry":{"type":"Point","coordinates":[72.92882898056166,19.287391714102068]},"id":"1_1_1_2_103","properties":{"Class":4}},{"type":"Feature","geometry":{"type":"Point","coordinates":[72.92093255722182,19.288687922188736]},"id":"1_1_1_2_104","properties":{"Class":4}},{"type":"Feature","geometry":{"type":"Point","coordinates":[72.909259583589,19.285771439562826]},"id":"1_1_1_2_105","properties":{"Class":4}},{"type":"Feature","geometry":{"type":"Point","coordinates":[72.90136316024916,19.287715767085817]},"id":"1_1_1_2_106","properties":{"Class":4}},{"type":"Feature","geometry":{"type":"Point","coordinates":[72.89175012313979,19.290632215076094]},"id":"1_1_1_2_107","properties":{"Class":4}},{"type":"Feature","geometry":{"type":"Point","coordinates":[72.88801483054631,19.30143481229823]},"id":"1_1_1_2_108","properties":{"Class":4}},{"type":"Feature","geometry":{"type":"Point","coordinates":[72.88149169822209,19.305647089566733]},"id":"1_1_1_2_109","properties":{"Class":4}},{"type":"Feature","geometry":{"type":"Point","coordinates":[72.8763418569135,19.312127304302994]},"id":"1_1_1_2_110","properties":{"Class":4}},{"type":"Feature","geometry":{"type":"Point","coordinates":[72.86810211081975,19.312451308298662]},"id":"1_1_1_2_111","properties":{"Class":4}},{"type":"Feature","geometry":{"type":"Point","coordinates":[72.85951904197209,19.31504331714831]},"id":"1_1_1_2_112","properties":{"Class":4}},{"type":"Feature","geometry":{"type":"Point","coordinates":[72.85162261863225,19.319903222966264]},"id":"1_1_1_2_113","properties":{"Class":4}},{"type":"Feature","geometry":{"type":"Point","coordinates":[72.84132293601506,19.31828327041601]},"id":"1_1_1_2_114","properties":{"Class":4}},{"type":"Feature","geometry":{"type":"Point","coordinates":[72.83170989890569,19.31828327041601]},"id":"1_1_1_2_115","properties":{"Class":4}},{"type":"Feature","geometry":{"type":"Point","coordinates":[72.82072357078069,19.313099314363743]},"id":"1_1_1_2_116","properties":{"Class":4}},{"type":"Feature","geometry":{"type":"Point","coordinates":[72.80973724265569,19.309211239449883]},"id":"1_1_1_2_117","properties":{"Class":4}},{"type":"Feature","geometry":{"type":"Point","coordinates":[72.81351379294865,19.3189312533629]},"id":"1_1_1_2_118","properties":{"Class":4}},{"type":"Feature","geometry":{"type":"Point","coordinates":[72.82381347556584,19.324439004678815]},"id":"1_1_1_2_119","properties":{"Class":4}},{"type":"Feature","geometry":{"type":"Point","coordinates":[72.83514312644475,19.328650689239662]},"id":"1_1_1_2_120","properties":{"Class":4}},{"type":"Feature","geometry":{"type":"Point","coordinates":[72.84853271384709,19.32541094152213]},"id":"1_1_1_2_121","properties":{"Class":4}},{"type":"Feature","geometry":{"type":"Point","coordinates":[72.85642913718694,19.32541094152213]},"id":"1_1_1_2_122","properties":{"Class":4}},{"type":"Feature","geometry":{"type":"Point","coordinates":[72.87599853415959,19.319903222966264]},"id":"1_1_1_2_123","properties":{"Class":4}},{"type":"Feature","geometry":{"type":"Point","coordinates":[72.87531188865178,19.30823920627602]},"id":"1_1_1_2_124","properties":{"Class":4}},{"type":"Feature","geometry":{"type":"Point","coordinates":[72.82566480678149,18.932084834274455]},"id":"1_1_2_0","properties":{"Class":1}},{"type":"Feature","geometry":{"type":"Point","coordinates":[72.82532148402758,18.93476400280283]},"id":"1_1_2_1","properties":{"Class":1}},{"type":"Feature","geometry":{"type":"Point","coordinates":[72.83364706080981,18.93273433362145]},"id":"1_1_2_2","properties":{"Class":1}},{"type":"Feature","geometry":{"type":"Point","coordinates":[72.83356123012133,18.93541349173169]},"id":"1_1_2_3","properties":{"Class":1}},{"type":"Feature","geometry":{"type":"Point","coordinates":[72.83227376979418,18.926807558468628]},"id":"1_1_2_4","properties":{"Class":1}},{"type":"Feature","geometry":{"type":"Point","coordinates":[72.83012800258227,18.918444764729397]},"id":"1_1_2_5","properties":{"Class":1}},{"type":"Feature","geometry":{"type":"Point","coordinates":[72.82643728297778,18.91600892088181]},"id":"1_1_2_6","properties":{"Class":1}},{"type":"Feature","geometry":{"type":"Point","coordinates":[72.82102994960375,18.913167058206913]},"id":"1_1_2_7","properties":{"Class":1}},{"type":"Feature","geometry":{"type":"Point","coordinates":[72.81588010829516,18.91081233540285]},"id":"1_1_2_8","properties":{"Class":1}},{"type":"Feature","geometry":{"type":"Point","coordinates":[72.82918386500903,18.95091450903702]},"id":"1_1_2_9","properties":{"Class":1}},{"type":"Feature","geometry":{"type":"Point","coordinates":[72.83424787562915,18.952538069538683]},"id":"1_1_2_10","properties":{"Class":1}},{"type":"Feature","geometry":{"type":"Point","coordinates":[72.83132963222094,18.949128574239428]},"id":"1_1_2_11","properties":{"Class":1}},{"type":"Feature","geometry":{"type":"Point","coordinates":[72.82411985438891,18.950508616443226]},"id":"1_1_2_12","properties":{"Class":1}},{"type":"Feature","geometry":{"type":"Point","coordinates":[72.82128744166918,18.956191022902953]},"id":"1_1_2_13","properties":{"Class":1}},{"type":"Feature","geometry":{"type":"Point","coordinates":[72.82506399196215,18.95984389627492]},"id":"1_1_2_14","properties":{"Class":1}},{"type":"Feature","geometry":{"type":"Point","coordinates":[72.83459119838305,18.959356851114247]},"id":"1_1_2_15","properties":{"Class":1}},{"type":"Feature","geometry":{"type":"Point","coordinates":[72.8164809231145,18.95870745535423]},"id":"1_1_2_16","properties":{"Class":1}},{"type":"Feature","geometry":{"type":"Point","coordinates":[72.82583646815844,18.957652181851554]},"id":"1_1_2_17","properties":{"Class":1}},{"type":"Feature","geometry":{"type":"Point","coordinates":[72.8032629970891,18.95286277974326]},"id":"1_1_2_18","properties":{"Class":1}},{"type":"Feature","geometry":{"type":"Point","coordinates":[72.81047277492114,18.956596901672533]},"id":"1_1_2_19","properties":{"Class":1}},{"type":"Feature","geometry":{"type":"Point","coordinates":[72.81836919826098,18.956759252903854]},"id":"1_1_2_20","properties":{"Class":1}},{"type":"Feature","geometry":{"type":"Point","coordinates":[72.82034330409594,18.969259823112953]},"id":"1_1_2_21","properties":{"Class":1}},{"type":"Feature","geometry":{"type":"Point","coordinates":[72.81897001308032,18.963659034156226]},"id":"1_1_2_22","properties":{"Class":1}},{"type":"Feature","geometry":{"type":"Point","coordinates":[72.83253126185961,18.965607156003752]},"id":"1_1_2_23","properties":{"Class":1}},{"type":"Feature","geometry":{"type":"Point","coordinates":[72.83982687038012,18.96268496469699]},"id":"1_1_2_24","properties":{"Class":1}},{"type":"Feature","geometry":{"type":"Point","coordinates":[72.8369944576604,18.95505455709437]},"id":"1_1_2_25","properties":{"Class":1}},{"type":"Feature","geometry":{"type":"Point","coordinates":[72.83605032008715,18.949209753508512]},"id":"1_1_2_26","properties":{"Class":1}},{"type":"Feature","geometry":{"type":"Point","coordinates":[72.83047132533618,18.95464867457216]},"id":"1_1_2_27","properties":{"Class":1}},{"type":"Feature","geometry":{"type":"Point","coordinates":[72.83124380153247,18.969969830739615]},"id":"1_1_2_28","properties":{"Class":1}},{"type":"Feature","geometry":{"type":"Point","coordinates":[72.83896856349536,18.969482815157026]},"id":"1_1_2_29","properties":{"Class":1}},{"type":"Feature","geometry":{"type":"Point","coordinates":[72.83253126185961,18.977518390289084]},"id":"1_1_2_30","properties":{"Class":1}},{"type":"Feature","geometry":{"type":"Point","coordinates":[72.82866888087817,18.975245741669774]},"id":"1_1_2_31","properties":{"Class":1}},{"type":"Feature","geometry":{"type":"Point","coordinates":[72.82205991786547,18.975408074741978]},"id":"1_1_2_32","properties":{"Class":1}},{"type":"Feature","geometry":{"type":"Point","coordinates":[72.82652311366625,18.969969830739615]},"id":"1_1_2_33","properties":{"Class":1}},{"type":"Feature","geometry":{"type":"Point","coordinates":[72.81339101832934,18.974028238587415]},"id":"1_1_2_34","properties":{"Class":1}},{"type":"Feature","geometry":{"type":"Point","coordinates":[72.8098719601018,18.97281072660991]},"id":"1_1_2_35","properties":{"Class":1}},{"type":"Feature","geometry":{"type":"Point","coordinates":[72.80652456325122,18.967534738597664]},"id":"1_1_2_36","properties":{"Class":1}},{"type":"Feature","geometry":{"type":"Point","coordinates":[72.82695226710864,18.981495450778525]},"id":"1_1_2_37","properties":{"Class":1}},{"type":"Feature","geometry":{"type":"Point","coordinates":[72.83261709254809,18.98393033890975]},"id":"1_1_2_38","properties":{"Class":1}},{"type":"Feature","geometry":{"type":"Point","coordinates":[72.83928270260884,18.98942701975463]},"id":"1_1_2_39","properties":{"Class":1}},{"type":"Feature","geometry":{"type":"Point","coordinates":[72.8442608825405,18.991293681596442]},"id":"1_1_2_40","properties":{"Class":1}},{"type":"Feature","geometry":{"type":"Point","coordinates":[72.84906740109517,18.99291684879406]},"id":"1_1_2_41","properties":{"Class":1}},{"type":"Feature","geometry":{"type":"Point","coordinates":[72.84923906247212,18.99981513280066]},"id":"1_1_2_42","properties":{"Class":1}},{"type":"Feature","geometry":{"type":"Point","coordinates":[72.84374589840962,18.99973397818041]},"id":"1_1_2_43","properties":{"Class":1}},{"type":"Feature","geometry":{"type":"Point","coordinates":[72.83567781369283,18.997380476976335]},"id":"1_1_2_44","properties":{"Class":1}},{"type":"Feature","geometry":{"type":"Point","coordinates":[72.82726640622212,18.996081979306098]},"id":"1_1_2_45","properties":{"Class":1}},{"type":"Feature","geometry":{"type":"Point","coordinates":[72.8229748717983,18.995351569914575]},"id":"1_1_2_46","properties":{"Class":1}},{"type":"Feature","geometry":{"type":"Point","coordinates":[72.83155794064595,18.994702314431258]},"id":"1_1_2_47","properties":{"Class":1}},{"type":"Feature","geometry":{"type":"Point","coordinates":[72.82211656491353,18.998841274745306]},"id":"1_1_2_48","properties":{"Class":1}},{"type":"Feature","geometry":{"type":"Point","coordinates":[72.82898301999165,19.001843985443482]},"id":"1_1_2_49","properties":{"Class":1}},{"type":"Feature","geometry":{"type":"Point","coordinates":[72.81799669186665,19.005739313166096]},"id":"1_1_2_50","properties":{"Class":1}},{"type":"Feature","geometry":{"type":"Point","coordinates":[72.8149067870815,18.998597809340968]},"id":"1_1_2_51","properties":{"Class":1}},{"type":"Feature","geometry":{"type":"Point","coordinates":[72.84211501119071,19.007012966767434]},"id":"1_1_2_52","properties":{"Class":1}},{"type":"Feature","geometry":{"type":"Point","coordinates":[72.85018309590751,19.008230228654334]},"id":"1_1_2_53","properties":{"Class":1}},{"type":"Feature","geometry":{"type":"Point","coordinates":[72.85044058797294,19.013261483269567]},"id":"1_1_2_54","properties":{"Class":1}},{"type":"Feature","geometry":{"type":"Point","coordinates":[72.85619124410087,19.021132656850337]},"id":"1_1_2_55","properties":{"Class":1}},{"type":"Feature","geometry":{"type":"Point","coordinates":[72.85868033406669,19.0190228943075]},"id":"1_1_2_56","properties":{"Class":1}},{"type":"Feature","geometry":{"type":"Point","coordinates":[72.85807951924735,19.02908459800726]},"id":"1_1_2_57","properties":{"Class":1}},{"type":"Feature","geometry":{"type":"Point","coordinates":[72.85112723348075,19.016345080208918]},"id":"1_1_2_58","properties":{"Class":1}},{"type":"Feature","geometry":{"type":"Point","coordinates":[72.84726485249931,19.023891536688687]},"id":"1_1_2_59","properties":{"Class":1}},{"type":"Feature","geometry":{"type":"Point","coordinates":[72.85189970967704,19.023972679519982]},"id":"1_1_2_60","properties":{"Class":1}},{"type":"Feature","geometry":{"type":"Point","coordinates":[72.84220084187919,19.02770520692566]},"id":"1_1_2_61","properties":{"Class":1}},{"type":"Feature","geometry":{"type":"Point","coordinates":[72.84117087361747,19.030788535883325]},"id":"1_1_2_62","properties":{"Class":1}},{"type":"Feature","geometry":{"type":"Point","coordinates":[72.84082755086357,19.021457233326114]},"id":"1_1_2_63","properties":{"Class":1}},{"type":"Feature","geometry":{"type":"Point","coordinates":[72.83619269368583,19.01813029440097]},"id":"1_1_2_64","properties":{"Class":1}},{"type":"Feature","geometry":{"type":"Point","coordinates":[72.8289829158538,19.017237689701375]},"id":"1_1_2_65","properties":{"Class":1}},{"type":"Feature","geometry":{"type":"Point","coordinates":[72.82082900044853,19.014559846846257]},"id":"1_1_2_66","properties":{"Class":1}},{"type":"Feature","geometry":{"type":"Point","coordinates":[72.83387526509698,19.01269344601667]},"id":"1_1_2_67","properties":{"Class":1}},{"type":"Feature","geometry":{"type":"Point","coordinates":[72.89232454596201,19.01494817540185]},"id":"1_1_2_68","properties":{"Class":1}},{"type":"Feature","geometry":{"type":"Point","coordinates":[72.9022809058253,19.01673340459463]},"id":"1_1_2_69","properties":{"Class":1}},{"type":"Feature","geometry":{"type":"Point","coordinates":[72.89764604864756,19.01137765950945]},"id":"1_1_2_70","properties":{"Class":1}},{"type":"Feature","geometry":{"type":"Point","coordinates":[72.90622911749522,19.018275178015102]},"id":"1_1_2_71","properties":{"Class":1}},{"type":"Feature","geometry":{"type":"Point","coordinates":[72.89472780523936,19.022332408156434]},"id":"1_1_2_72","properties":{"Class":1}},{"type":"Feature","geometry":{"type":"Point","coordinates":[72.89438448248545,19.007969368276207]},"id":"1_1_2_73","properties":{"Class":1}},{"type":"Feature","geometry":{"type":"Point","coordinates":[72.92219362555186,19.011458808449355]},"id":"1_1_2_74","properties":{"Class":1}},{"type":"Feature","geometry":{"type":"Point","coordinates":[72.92631349859873,19.017544866072097]},"id":"1_1_2_75","properties":{"Class":1}},{"type":"Feature","geometry":{"type":"Point","coordinates":[72.8927536994044,19.027850082192312]},"id":"1_1_2_76","properties":{"Class":1}},{"type":"Feature","geometry":{"type":"Point","coordinates":[72.90288172064463,19.03190707855062]},"id":"1_1_2_77","properties":{"Class":1}},{"type":"Feature","geometry":{"type":"Point","coordinates":[72.8766175299708,19.03499032951203]},"id":"1_1_2_78","properties":{"Class":1}},{"type":"Feature","geometry":{"type":"Point","coordinates":[72.8642145736752,19.035552489554437]},"id":"1_1_2_79","properties":{"Class":1}},{"type":"Feature","geometry":{"type":"Point","coordinates":[72.85288492279629,19.04301694006234]},"id":"1_1_2_80","properties":{"Class":1}},{"type":"Feature","geometry":{"type":"Point","coordinates":[72.84249940949063,19.03896021511354]},"id":"1_1_2_81","properties":{"Class":1}},{"type":"Feature","geometry":{"type":"Point","coordinates":[72.83958116608243,19.04415280528293]},"id":"1_1_2_82","properties":{"Class":1}},{"type":"Feature","geometry":{"type":"Point","coordinates":[72.84601846771817,19.03441656549426]},"id":"1_1_2_83","properties":{"Class":1}},{"type":"Feature","geometry":{"type":"Point","coordinates":[72.8605238540707,19.04893958044744]},"id":"1_1_2_84","properties":{"Class":1}},{"type":"Feature","geometry":{"type":"Point","coordinates":[72.87331262665371,19.04342260710483]},"id":"1_1_2_85","properties":{"Class":1}},{"type":"Feature","geometry":{"type":"Point","coordinates":[72.87202516632657,19.05616004783328]},"id":"1_1_2_86","properties":{"Class":1}},{"type":"Feature","geometry":{"type":"Point","coordinates":[72.84764925079922,19.057052443329155]},"id":"1_1_2_87","properties":{"Class":1}},{"type":"Feature","geometry":{"type":"Point","coordinates":[72.85245576935391,19.059486224822827]},"id":"1_1_2_88","properties":{"Class":1}},{"type":"Feature","geometry":{"type":"Point","coordinates":[72.82842317658047,19.04853392688974]},"id":"1_1_2_89","properties":{"Class":1}},{"type":"Feature","geometry":{"type":"Point","coordinates":[72.82232919769864,19.046343380543057]},"id":"1_1_2_90","properties":{"Class":1}},{"type":"Feature","geometry":{"type":"Point","coordinates":[72.83262888031582,19.05599779359092]},"id":"1_1_2_91","properties":{"Class":1}},{"type":"Feature","geometry":{"type":"Point","coordinates":[72.88816133576017,19.05121122204418]},"id":"1_1_2_92","properties":{"Class":1}},{"type":"Feature","geometry":{"type":"Point","coordinates":[72.907044087225,19.047560354305404]},"id":"1_1_2_93","properties":{"Class":1}},{"type":"Feature","geometry":{"type":"Point","coordinates":[72.90258089142422,19.051697998340078]},"id":"1_1_2_94","properties":{"Class":1}},{"type":"Feature","geometry":{"type":"Point","coordinates":[72.89339700775723,19.056809063215532]},"id":"1_1_2_95","properties":{"Class":1}},{"type":"Feature","geometry":{"type":"Point","coordinates":[72.90215173798184,19.058837219916633]},"id":"1_1_2_96","properties":{"Class":1}},{"type":"Feature","geometry":{"type":"Point","coordinates":[72.91579881744961,19.05210364416235]},"id":"1_1_2_97","properties":{"Class":1}},{"type":"Feature","geometry":{"type":"Point","coordinates":[72.92790094452481,19.040014973136483]},"id":"1_1_2_98","properties":{"Class":1}},{"type":"Feature","geometry":{"type":"Point","coordinates":[72.92189279633145,19.039609297766802]},"id":"1_1_2_99","properties":{"Class":1}},{"type":"Feature","geometry":{"type":"Point","coordinates":[72.92695680695158,19.03141444307811]},"id":"1_1_2_100","properties":{"Class":1}},{"type":"Feature","geometry":{"type":"Point","coordinates":[72.89338575206105,19.051267497988615]},"id":"1_1_2_101","properties":{"Class":1}},{"type":"Feature","geometry":{"type":"Point","coordinates":[72.89939390025441,19.05832561209034]},"id":"1_1_2_102","properties":{"Class":1}},{"type":"Feature","geometry":{"type":"Point","coordinates":[72.89269910655324,19.064166582826545]},"id":"1_1_2_103","properties":{"Class":1}},{"type":"Feature","geometry":{"type":"Point","coordinates":[72.88437352977101,19.064085459641962]},"id":"1_1_2_104","properties":{"Class":1}},{"type":"Feature","geometry":{"type":"Point","coordinates":[72.88325773082082,19.057838855242434]},"id":"1_1_2_105","properties":{"Class":1}},{"type":"Feature","geometry":{"type":"Point","coordinates":[72.89767728648488,19.070169588326376]},"id":"1_1_2_106","properties":{"Class":1}},{"type":"Feature","geometry":{"type":"Point","coordinates":[72.9235981544048,19.056297449133083]},"id":"1_1_2_107","properties":{"Class":1}},{"type":"Feature","geometry":{"type":"Point","coordinates":[72.83535074842297,19.06130703861828]},"id":"1_1_2_108","properties":{"Class":1}},{"type":"Feature","geometry":{"type":"Point","coordinates":[72.82736849439465,19.059846790040737]},"id":"1_1_2_109","properties":{"Class":1}},{"type":"Feature","geometry":{"type":"Point","coordinates":[72.82676767957531,19.06714790433027]},"id":"1_1_2_110","properties":{"Class":1}},{"type":"Feature","geometry":{"type":"Point","coordinates":[72.83071589124523,19.072420731341868]},"id":"1_1_2_111","properties":{"Class":1}},{"type":"Feature","geometry":{"type":"Point","coordinates":[72.8367240394386,19.070554980960775]},"id":"1_1_2_112","properties":{"Class":1}},{"type":"Feature","geometry":{"type":"Point","coordinates":[72.83226084363781,19.070068260015685]},"id":"1_1_2_113","properties":{"Class":1}},{"type":"Feature","geometry":{"type":"Point","coordinates":[72.83689570081556,19.06739126926922]},"id":"1_1_2_114","properties":{"Class":1}},{"type":"Feature","geometry":{"type":"Point","coordinates":[72.83577990186535,19.079153481942857]},"id":"1_1_2_115","properties":{"Class":1}},{"type":"Feature","geometry":{"type":"Point","coordinates":[72.83251833570324,19.077855623596164]},"id":"1_1_2_116","properties":{"Class":1}},{"type":"Feature","geometry":{"type":"Point","coordinates":[72.83801149976574,19.07550322942757]},"id":"1_1_2_117","properties":{"Class":1}},{"type":"Feature","geometry":{"type":"Point","coordinates":[72.83758234632336,19.080613560428638]},"id":"1_1_2_118","properties":{"Class":1}},{"type":"Feature","geometry":{"type":"Point","coordinates":[72.82659601819836,19.074692051280337]},"id":"1_1_2_119","properties":{"Class":1}},{"type":"Feature","geometry":{"type":"Point","coordinates":[72.8304583991798,19.063578510846032]},"id":"1_1_2_120","properties":{"Class":1}},{"type":"Feature","geometry":{"type":"Point","coordinates":[72.8326899970802,19.06779687670683]},"id":"1_1_2_121","properties":{"Class":1}},{"type":"Feature","geometry":{"type":"Point","coordinates":[72.85543512952648,19.078666786254402]},"id":"1_1_2_122","properties":{"Class":1}},{"type":"Feature","geometry":{"type":"Point","coordinates":[72.864533182505,19.07542211179156]},"id":"1_1_2_123","properties":{"Class":1}},{"type":"Feature","geometry":{"type":"Point","coordinates":[72.82951426160656,19.055060329561794]},"id":"1_1_2_124","properties":{"Class":1}},{"type":"Feature","geometry":{"type":"Point","coordinates":[72.83140253675305,19.06098254004561]},"id":"1_1_2_125","properties":{"Class":1}},{"type":"Feature","geometry":{"type":"Point","coordinates":[72.85328936231457,19.056845127585486]},"id":"1_1_2_126","properties":{"Class":1}},{"type":"Feature","geometry":{"type":"Point","coordinates":[72.8491694892677,19.065119849278208]},"id":"1_1_2_127","properties":{"Class":1}},{"type":"Feature","geometry":{"type":"Point","coordinates":[72.86393236768566,19.06130703861828]},"id":"1_1_2_128","properties":{"Class":1}},{"type":"Feature","geometry":{"type":"Point","coordinates":[72.86685061109387,19.066498929413008]},"id":"1_1_2_129","properties":{"Class":1}},{"type":"Feature","geometry":{"type":"Point","coordinates":[72.88006853711926,19.06820248315194]},"id":"1_1_2_130","properties":{"Class":1}},{"type":"Feature","geometry":{"type":"Point","coordinates":[72.8821284736427,19.07696334008474]},"id":"1_1_2_131","properties":{"Class":1}},{"type":"Feature","geometry":{"type":"Point","coordinates":[72.87706446302258,19.0629295219562]},"id":"1_1_2_132","properties":{"Class":1}},{"type":"Feature","geometry":{"type":"Point","coordinates":[72.90650743594395,19.076765902561004]},"id":"1_1_2_133","properties":{"Class":1}},{"type":"Feature","geometry":{"type":"Point","coordinates":[72.90590662112463,19.08171396554073]},"id":"1_1_2_134","properties":{"Class":1}},{"type":"Feature","geometry":{"type":"Point","coordinates":[72.91388887515294,19.084552951335475]},"id":"1_1_2_135","properties":{"Class":1}},{"type":"Feature","geometry":{"type":"Point","coordinates":[72.9034175311588,19.086661880706604]},"id":"1_1_2_136","properties":{"Class":1}},{"type":"Feature","geometry":{"type":"Point","coordinates":[72.89886850466954,19.080902817804013]},"id":"1_1_2_137","properties":{"Class":1}},{"type":"Feature","geometry":{"type":"Point","coordinates":[72.89354700198399,19.082119537919443]},"id":"1_1_2_138","properties":{"Class":1}},{"type":"Feature","geometry":{"type":"Point","coordinates":[72.8869380389713,19.088825492243625]},"id":"1_1_2_139","properties":{"Class":1}},{"type":"Feature","geometry":{"type":"Point","coordinates":[72.88479227175938,19.09726083085728]},"id":"1_1_2_140","properties":{"Class":1}},{"type":"Feature","geometry":{"type":"Point","coordinates":[72.88453477969396,19.10212717679736]},"id":"1_1_2_141","properties":{"Class":1}},{"type":"Feature","geometry":{"type":"Point","coordinates":[72.88307565798985,19.1062634583063]},"id":"1_1_2_142","properties":{"Class":1}},{"type":"Feature","geometry":{"type":"Point","coordinates":[72.88195985903965,19.11048073687668]},"id":"1_1_2_143","properties":{"Class":1}},{"type":"Feature","geometry":{"type":"Point","coordinates":[72.87423509707676,19.10918312415544]},"id":"1_1_2_144","properties":{"Class":1}},{"type":"Feature","geometry":{"type":"Point","coordinates":[72.86994356265294,19.112427136866387]},"id":"1_1_2_145","properties":{"Class":1}},{"type":"Feature","geometry":{"type":"Point","coordinates":[72.86505121340977,19.108615415388165]},"id":"1_1_2_146","properties":{"Class":1}},{"type":"Feature","geometry":{"type":"Point","coordinates":[72.86050218692051,19.108047704672074]},"id":"1_1_2_147","properties":{"Class":1}},{"type":"Feature","geometry":{"type":"Point","coordinates":[72.851404133942,19.10634456083141]},"id":"1_1_2_148","properties":{"Class":1}},{"type":"Feature","geometry":{"type":"Point","coordinates":[72.8532924090885,19.101397234030568]},"id":"1_1_2_149","properties":{"Class":1}},{"type":"Feature","geometry":{"type":"Point","coordinates":[72.84531015506016,19.10926422524881]},"id":"1_1_2_150","properties":{"Class":1}},{"type":"Feature","geometry":{"type":"Point","coordinates":[72.84797090640294,19.104398089253344]},"id":"1_1_2_151","properties":{"Class":1}},{"type":"Feature","geometry":{"type":"Point","coordinates":[72.84033197512852,19.107723297673633]},"id":"1_1_2_152","properties":{"Class":1}},{"type":"Feature","geometry":{"type":"Point","coordinates":[72.83252138247715,19.108372111034175]},"id":"1_1_2_153","properties":{"Class":1}},{"type":"Feature","geometry":{"type":"Point","coordinates":[72.82702821841465,19.109020921849357]},"id":"1_1_2_154","properties":{"Class":1}},{"type":"Feature","geometry":{"type":"Point","coordinates":[72.84144777407872,19.101721653435625]},"id":"1_1_2_155","properties":{"Class":1}},{"type":"Feature","geometry":{"type":"Point","coordinates":[72.83698457827794,19.104479192693066]},"id":"1_1_2_156","properties":{"Class":1}},{"type":"Feature","geometry":{"type":"Point","coordinates":[72.84539598574864,19.104316985773856]},"id":"1_1_2_157","properties":{"Class":1}},{"type":"Feature","geometry":{"type":"Point","coordinates":[72.84797090640294,19.096368651911]},"id":"1_1_2_158","properties":{"Class":1}},{"type":"Feature","geometry":{"type":"Point","coordinates":[72.8502883349918,19.101721653435625]},"id":"1_1_2_159","properties":{"Class":1}},{"type":"Feature","geometry":{"type":"Point","coordinates":[72.84058946719395,19.098639643404194]},"id":"1_1_2_160","properties":{"Class":1}},{"type":"Feature","geometry":{"type":"Point","coordinates":[72.84419435610997,19.09547646815496]},"id":"1_1_2_161","properties":{"Class":1}},{"type":"Feature","geometry":{"type":"Point","coordinates":[72.83595461001622,19.08728437432898]},"id":"1_1_2_162","properties":{"Class":1}},{"type":"Feature","geometry":{"type":"Point","coordinates":[72.83998865237461,19.089231047205434]},"id":"1_1_2_163","properties":{"Class":1}},{"type":"Feature","geometry":{"type":"Point","coordinates":[72.8693427478336,19.076739498560997]},"id":"1_1_2_164","properties":{"Class":1}},{"type":"Feature","geometry":{"type":"Point","coordinates":[72.83981699099768,19.085175452885753]},"id":"1_1_2_165","properties":{"Class":1}},{"type":"Feature","geometry":{"type":"Point","coordinates":[72.82814401736485,19.10585794508427]},"id":"1_1_2_166","properties":{"Class":1}},{"type":"Feature","geometry":{"type":"Point","coordinates":[72.83329385867344,19.10585794508427]},"id":"1_1_2_167","properties":{"Class":1}},{"type":"Feature","geometry":{"type":"Point","coordinates":[72.91062730899083,19.080308608593647]},"id":"1_1_2_168","properties":{"Class":1}},{"type":"Feature","geometry":{"type":"Point","coordinates":[72.91019815554844,19.083877641725007]},"id":"1_1_2_169","properties":{"Class":1}},{"type":"Feature","geometry":{"type":"Point","coordinates":[72.92238611331211,19.101316129079905]},"id":"1_1_2_170","properties":{"Class":1}},{"type":"Feature","geometry":{"type":"Point","coordinates":[72.89487650665478,19.1144358059827]},"id":"1_1_2_171","properties":{"Class":1}},{"type":"Feature","geometry":{"type":"Point","coordinates":[72.8923015860005,19.113949214044858]},"id":"1_1_2_172","properties":{"Class":1}},{"type":"Feature","geometry":{"type":"Point","coordinates":[72.87487795623976,19.123842968580586]},"id":"1_1_2_173","properties":{"Class":1}},{"type":"Feature","geometry":{"type":"Point","coordinates":[72.879426982729,19.117355327533645]},"id":"1_1_2_174","properties":{"Class":1}},{"type":"Feature","geometry":{"type":"Point","coordinates":[72.8724746969624,19.119463838807974]},"id":"1_1_2_175","properties":{"Class":1}},{"type":"Feature","geometry":{"type":"Point","coordinates":[72.86389162811474,19.12141013303293]},"id":"1_1_2_176","properties":{"Class":1}},{"type":"Feature","geometry":{"type":"Point","coordinates":[72.86689570221142,19.117274230409016]},"id":"1_1_2_177","properties":{"Class":1}},{"type":"Feature","geometry":{"type":"Point","coordinates":[72.86303332122999,19.117112036040417]},"id":"1_1_2_178","properties":{"Class":1}},{"type":"Feature","geometry":{"type":"Point","coordinates":[72.86071589264111,19.11427360882921]},"id":"1_1_2_179","properties":{"Class":1}},{"type":"Feature","geometry":{"type":"Point","coordinates":[72.85530855926709,19.11767971563423]},"id":"1_1_2_180","properties":{"Class":1}},{"type":"Feature","geometry":{"type":"Point","coordinates":[72.84312060150341,19.117598618668758]},"id":"1_1_2_181","properties":{"Class":1}},{"type":"Feature","geometry":{"type":"Point","coordinates":[72.84921458038525,19.11962603086881]},"id":"1_1_2_182","properties":{"Class":1}},{"type":"Feature","geometry":{"type":"Point","coordinates":[72.8490429190083,19.12286983865955]},"id":"1_1_2_183","properties":{"Class":1}},{"type":"Feature","geometry":{"type":"Point","coordinates":[72.85505106720166,19.125789211229453]},"id":"1_1_2_184","properties":{"Class":1}},{"type":"Feature","geometry":{"type":"Point","coordinates":[72.85977175506787,19.128140890508853]},"id":"1_1_2_185","properties":{"Class":1}},{"type":"Feature","geometry":{"type":"Point","coordinates":[72.86964228424267,19.130654717546392]},"id":"1_1_2_186","properties":{"Class":1}},{"type":"Feature","geometry":{"type":"Point","coordinates":[72.86526491913037,19.136249872632245]},"id":"1_1_2_187","properties":{"Class":1}},{"type":"Feature","geometry":{"type":"Point","coordinates":[72.8340225485249,19.13251979030376]},"id":"1_1_2_188","properties":{"Class":1}},{"type":"Feature","geometry":{"type":"Point","coordinates":[72.82861521515088,19.135033550695734]},"id":"1_1_2_189","properties":{"Class":1}},{"type":"Feature","geometry":{"type":"Point","coordinates":[72.82801440033154,19.128627440663]},"id":"1_1_2_190","properties":{"Class":1}},{"type":"Feature","geometry":{"type":"Point","coordinates":[72.8325634268208,19.12635686101694]},"id":"1_1_2_191","properties":{"Class":1}},{"type":"Feature","geometry":{"type":"Point","coordinates":[72.83711245331006,19.122707649782207]},"id":"1_1_2_192","properties":{"Class":1}},{"type":"Feature","geometry":{"type":"Point","coordinates":[72.83908655914502,19.13097907953879]},"id":"1_1_2_193","properties":{"Class":1}},{"type":"Feature","geometry":{"type":"Point","coordinates":[72.82285961332725,19.133334876920966]},"id":"1_1_2_194","properties":{"Class":1}},{"type":"Feature","geometry":{"type":"Point","coordinates":[72.82285961332725,19.13771363900573]},"id":"1_1_2_195","properties":{"Class":1}},{"type":"Feature","geometry":{"type":"Point","coordinates":[72.81728061857628,19.132929430114096]},"id":"1_1_2_196","properties":{"Class":1}},{"type":"Feature","geometry":{"type":"Point","coordinates":[72.8128174227755,19.136010800881305]},"id":"1_1_2_197","properties":{"Class":1}},{"type":"Feature","geometry":{"type":"Point","coordinates":[72.80852588835167,19.14006514849614]},"id":"1_1_2_198","properties":{"Class":1}},{"type":"Feature","geometry":{"type":"Point","coordinates":[72.82922016539162,19.13982032812424]},"id":"1_1_2_199","properties":{"Class":1}},{"type":"Feature","geometry":{"type":"Point","coordinates":[72.82510029234474,19.14444216980624]},"id":"1_1_2_200","properties":{"Class":1}},{"type":"Feature","geometry":{"type":"Point","coordinates":[72.83119427122658,19.14460433733972]},"id":"1_1_2_201","properties":{"Class":1}},{"type":"Feature","geometry":{"type":"Point","coordinates":[72.83021289052391,19.14929640978466]},"id":"1_1_2_202","properties":{"Class":1}},{"type":"Feature","geometry":{"type":"Point","coordinates":[72.85312968434715,19.155458482740233]},"id":"1_1_2_203","properties":{"Class":1}},{"type":"Feature","geometry":{"type":"Point","coordinates":[72.85596209706688,19.149458572547957]},"id":"1_1_2_204","properties":{"Class":1}},{"type":"Feature","geometry":{"type":"Point","coordinates":[72.84566241444969,19.15537740432732]},"id":"1_1_2_205","properties":{"Class":1}},{"type":"Feature","geometry":{"type":"Point","coordinates":[72.84171420277977,19.157728662120523]},"id":"1_1_2_206","properties":{"Class":1}},{"type":"Feature","geometry":{"type":"Point","coordinates":[72.84154254140282,19.152215315138886]},"id":"1_1_2_207","properties":{"Class":1}},{"type":"Feature","geometry":{"type":"Point","coordinates":[72.84222918691063,19.143620612671906]},"id":"1_1_2_208","properties":{"Class":1}},{"type":"Feature","geometry":{"type":"Point","coordinates":[72.83802348317528,19.15748543011012]},"id":"1_1_2_209","properties":{"Class":1}},{"type":"Feature","geometry":{"type":"Point","coordinates":[72.83381777943993,19.143296275512526]},"id":"1_1_2_210","properties":{"Class":1}},{"type":"Feature","geometry":{"type":"Point","coordinates":[72.8548004280786,19.123324186584107]},"id":"1_1_2_211","properties":{"Class":1}},{"type":"Feature","geometry":{"type":"Point","coordinates":[72.87059327475829,19.117971884302488]},"id":"1_1_2_212","properties":{"Class":1}},{"type":"Feature","geometry":{"type":"Point","coordinates":[72.87728806845946,19.113916994458826]},"id":"1_1_2_213","properties":{"Class":1}},{"type":"Feature","geometry":{"type":"Point","coordinates":[72.88072129599853,19.10937539976471]},"id":"1_1_2_214","properties":{"Class":1}},{"type":"Feature","geometry":{"type":"Point","coordinates":[72.88827439658446,19.110997412189345]},"id":"1_1_2_215","properties":{"Class":1}},{"type":"Feature","geometry":{"type":"Point","coordinates":[72.90933094993828,19.11720446133693]},"id":"1_1_2_216","properties":{"Class":1}},{"type":"Feature","geometry":{"type":"Point","coordinates":[72.91207753196953,19.119394070660125]},"id":"1_1_2_217","properties":{"Class":1}},{"type":"Feature","geometry":{"type":"Point","coordinates":[72.92761288658379,19.12012393398857]},"id":"1_1_2_218","properties":{"Class":1}},{"type":"Feature","geometry":{"type":"Point","coordinates":[72.93066029410502,19.128314852808533]},"id":"1_1_2_219","properties":{"Class":1}},{"type":"Feature","geometry":{"type":"Point","coordinates":[72.90439610343121,19.136018387168072]},"id":"1_1_2_220","properties":{"Class":1}},{"type":"Feature","geometry":{"type":"Point","coordinates":[72.89572720389506,19.12969340640489]},"id":"1_1_2_221","properties":{"Class":1}},{"type":"Feature","geometry":{"type":"Point","coordinates":[72.89272312979838,19.12807157745026]},"id":"1_1_2_222","properties":{"Class":1}},{"type":"Feature","geometry":{"type":"Point","coordinates":[72.88414006095073,19.13099085810372]},"id":"1_1_2_223","properties":{"Class":1}},{"type":"Feature","geometry":{"type":"Point","coordinates":[72.90238940312268,19.093991600584587]},"id":"1_1_2_224","properties":{"Class":1}},{"type":"Feature","geometry":{"type":"Point","coordinates":[72.91637980534436,19.09358605728543]},"id":"1_1_2_225","properties":{"Class":1}},{"type":"Feature","geometry":{"type":"Point","coordinates":[72.90824444961477,19.08076720464442]},"id":"1_1_2_226","properties":{"Class":1}},{"type":"Feature","geometry":{"type":"Point","coordinates":[72.90137799453665,19.076305817439593]},"id":"1_1_2_227","properties":{"Class":1}},{"type":"Feature","geometry":{"type":"Point","coordinates":[72.93579796502745,19.15395595218675]},"id":"1_1_2_228","properties":{"Class":1}},{"type":"Feature","geometry":{"type":"Point","coordinates":[72.93983200738585,19.159550317387925]},"id":"1_1_2_229","properties":{"Class":1}},{"type":"Feature","geometry":{"type":"Point","coordinates":[72.93751457879698,19.16522556641963]},"id":"1_1_2_230","properties":{"Class":1}},{"type":"Feature","geometry":{"type":"Point","coordinates":[72.94369438836729,19.171468114700414]},"id":"1_1_2_231","properties":{"Class":1}},{"type":"Feature","geometry":{"type":"Point","coordinates":[72.95124748895323,19.169117052842804]},"id":"1_1_2_232","properties":{"Class":1}},{"type":"Feature","geometry":{"type":"Point","coordinates":[72.93802956292784,19.148199233410686]},"id":"1_1_2_233","properties":{"Class":1}},{"type":"Feature","geometry":{"type":"Point","coordinates":[72.93399552056944,19.148766806158985]},"id":"1_1_2_234","properties":{"Class":1}},{"type":"Feature","geometry":{"type":"Point","coordinates":[72.93202141473448,19.14300990634122]},"id":"1_1_2_235","properties":{"Class":1}},{"type":"Feature","geometry":{"type":"Point","coordinates":[72.94386604974424,19.162874415521536]},"id":"1_1_2_236","properties":{"Class":1}},{"type":"Feature","geometry":{"type":"Point","coordinates":[72.95461585276398,19.17841802039356]},"id":"1_1_2_237","properties":{"Class":1}},{"type":"Feature","geometry":{"type":"Point","coordinates":[72.94946810973026,19.18328074569024]},"id":"1_1_2_238","properties":{"Class":1}},{"type":"Feature","geometry":{"type":"Point","coordinates":[72.9405417181287,19.18271329176117]},"id":"1_1_2_239","properties":{"Class":1}},{"type":"Feature","geometry":{"type":"Point","coordinates":[72.94938227904179,19.199655002274884]},"id":"1_1_2_240","properties":{"Class":1}},{"type":"Feature","geometry":{"type":"Point","coordinates":[72.95109889281133,19.196250588008606]},"id":"1_1_2_241","properties":{"Class":1}},{"type":"Feature","geometry":{"type":"Point","coordinates":[72.94577739012577,19.195358944061915]},"id":"1_1_2_242","properties":{"Class":1}},{"type":"Feature","geometry":{"type":"Point","coordinates":[72.95436045897343,19.193170342984647]},"id":"1_1_2_243","properties":{"Class":1}},{"type":"Feature","geometry":{"type":"Point","coordinates":[72.95976779234745,19.18498309574579]},"id":"1_1_2_244","properties":{"Class":1}},{"type":"Feature","geometry":{"type":"Point","coordinates":[72.96376355728482,19.20902248837841]},"id":"1_1_2_245","properties":{"Class":1}},{"type":"Feature","geometry":{"type":"Point","coordinates":[72.96041616043424,19.207239334093128]},"id":"1_1_2_246","properties":{"Class":1}},{"type":"Feature","geometry":{"type":"Point","coordinates":[72.96762593826627,19.215101278120187]},"id":"1_1_2_247","properties":{"Class":1}},{"type":"Feature","geometry":{"type":"Point","coordinates":[72.96796926102017,19.20642880302665]},"id":"1_1_2_248","properties":{"Class":1}},{"type":"Feature","geometry":{"type":"Point","coordinates":[72.96262883482333,19.220485436243123]},"id":"1_1_2_249","properties":{"Class":1}},{"type":"Feature","geometry":{"type":"Point","coordinates":[72.96425961790439,19.2259964974423]},"id":"1_1_2_250","properties":{"Class":1}},{"type":"Feature","geometry":{"type":"Point","coordinates":[72.98906468687412,19.22429457179917]},"id":"1_1_2_251","properties":{"Class":1}},{"type":"Feature","geometry":{"type":"Point","coordinates":[72.98485898313876,19.22648275867357]},"id":"1_1_2_252","properties":{"Class":1}},{"type":"Feature","geometry":{"type":"Point","coordinates":[72.9715971217872,19.23290002724345]},"id":"1_1_2_253","properties":{"Class":1}},{"type":"Feature","geometry":{"type":"Point","coordinates":[72.98378507955087,19.247324558513686]},"id":"1_1_2_254","properties":{"Class":1}},{"type":"Feature","geometry":{"type":"Point","coordinates":[72.9835474376874,19.255555020822232]},"id":"1_1_2_255","properties":{"Class":1}},{"type":"Feature","geometry":{"type":"Point","coordinates":[72.97968505670596,19.252313826132514]},"id":"1_1_2_256","properties":{"Class":1}},{"type":"Feature","geometry":{"type":"Point","coordinates":[72.98552154352237,19.259930532054955]},"id":"1_1_2_257","properties":{"Class":1}},{"type":"Feature","geometry":{"type":"Point","coordinates":[72.97496436883975,19.264954123196365]},"id":"1_1_2_258","properties":{"Class":1}},{"type":"Feature","geometry":{"type":"Point","coordinates":[72.97007201959659,19.264873098754116]},"id":"1_1_2_259","properties":{"Class":1}},{"type":"Feature","geometry":{"type":"Point","coordinates":[72.96466468622256,19.26730381460033]},"id":"1_1_2_260","properties":{"Class":1}},{"type":"Feature","geometry":{"type":"Point","coordinates":[72.97350524713565,19.259120261004718]},"id":"1_1_2_261","properties":{"Class":1}},{"type":"Feature","geometry":{"type":"Point","coordinates":[72.96950924751653,19.274152167944703]},"id":"1_1_2_262","properties":{"Class":1}},{"type":"Feature","geometry":{"type":"Point","coordinates":[72.96255696174993,19.273179926560328]},"id":"1_1_2_263","properties":{"Class":1}},{"type":"Feature","geometry":{"type":"Point","coordinates":[72.96307194588078,19.27893227083484]},"id":"1_1_2_264","properties":{"Class":1}},{"type":"Feature","geometry":{"type":"Point","coordinates":[72.95654881355657,19.282091923289563]},"id":"1_1_2_265","properties":{"Class":1}},{"type":"Feature","geometry":{"type":"Point","coordinates":[72.95543301460638,19.284765427755723]},"id":"1_1_2_266","properties":{"Class":1}},{"type":"Feature","geometry":{"type":"Point","coordinates":[72.95251477119817,19.2808766795588]},"id":"1_1_2_267","properties":{"Class":1}},{"type":"Feature","geometry":{"type":"Point","coordinates":[72.87392312557613,19.291911592509912]},"id":"1_1_2_268","properties":{"Class":1}},{"type":"Feature","geometry":{"type":"Point","coordinates":[72.87787133724605,19.286240718030847]},"id":"1_1_2_269","properties":{"Class":1}},{"type":"Feature","geometry":{"type":"Point","coordinates":[72.88181954891597,19.277977092185672]},"id":"1_1_2_270","properties":{"Class":1}},{"type":"Feature","geometry":{"type":"Point","coordinates":[72.89186173946773,19.26987509351608]},"id":"1_1_2_271","properties":{"Class":1}},{"type":"Feature","geometry":{"type":"Point","coordinates":[72.88593942196285,19.28186590922867]},"id":"1_1_2_272","properties":{"Class":1}},{"type":"Feature","geometry":{"type":"Point","coordinates":[72.88679772884761,19.274169202708944]},"id":"1_1_2_273","properties":{"Class":1}},{"type":"Feature","geometry":{"type":"Point","coordinates":[72.88113290340816,19.27384512292218]},"id":"1_1_2_274","properties":{"Class":1}},{"type":"Feature","geometry":{"type":"Point","coordinates":[72.87787133724605,19.269145893986558]},"id":"1_1_2_275","properties":{"Class":1}},{"type":"Feature","geometry":{"type":"Point","coordinates":[72.87469560177242,19.263960381549627]},"id":"1_1_2_276","properties":{"Class":1}},{"type":"Feature","geometry":{"type":"Point","coordinates":[72.87306481869136,19.27441226212837]},"id":"1_1_2_277","properties":{"Class":1}},{"type":"Feature","geometry":{"type":"Point","coordinates":[72.87701303036128,19.28040761365733]},"id":"1_1_2_278","properties":{"Class":1}},{"type":"Feature","geometry":{"type":"Point","coordinates":[72.87272149593745,19.28081269706291]},"id":"1_1_2_279","properties":{"Class":1}},{"type":"Feature","geometry":{"type":"Point","coordinates":[72.88113290340816,19.286078690159446]},"id":"1_1_2_280","properties":{"Class":1}},{"type":"Feature","geometry":{"type":"Point","coordinates":[72.87641221554195,19.29369382677334]},"id":"1_1_2_281","properties":{"Class":1}},{"type":"Feature","geometry":{"type":"Point","coordinates":[72.87460977108395,19.299688472316454]},"id":"1_1_2_282","properties":{"Class":1}},{"type":"Feature","geometry":{"type":"Point","coordinates":[72.87237817318355,19.28972427848275]},"id":"1_1_2_283","properties":{"Class":1}},{"type":"Feature","geometry":{"type":"Point","coordinates":[72.87306481869136,19.2849444905703]},"id":"1_1_2_284","properties":{"Class":1}},{"type":"Feature","geometry":{"type":"Point","coordinates":[72.86825830013667,19.283000130140422]},"id":"1_1_2_285","properties":{"Class":1}},{"type":"Feature","geometry":{"type":"Point","coordinates":[72.86516839535152,19.279273374791916]},"id":"1_1_2_286","properties":{"Class":1}},{"type":"Feature","geometry":{"type":"Point","coordinates":[72.8597610619775,19.27684283649055]},"id":"1_1_2_287","properties":{"Class":1}},{"type":"Feature","geometry":{"type":"Point","coordinates":[72.86233598263179,19.274736340793364]},"id":"1_1_2_288","properties":{"Class":1}},{"type":"Feature","geometry":{"type":"Point","coordinates":[72.86903077633296,19.279516426638562]},"id":"1_1_2_289","properties":{"Class":1}},{"type":"Feature","geometry":{"type":"Point","coordinates":[72.87675553829585,19.27684283649055]},"id":"1_1_2_290","properties":{"Class":1}},{"type":"Feature","geometry":{"type":"Point","coordinates":[72.87469560177242,19.26938896085689]},"id":"1_1_2_291","properties":{"Class":1}},{"type":"Feature","geometry":{"type":"Point","coordinates":[72.88688355953609,19.271576546467383]},"id":"1_1_2_292","properties":{"Class":1}},{"type":"Feature","geometry":{"type":"Point","coordinates":[72.8934066918603,19.274655321187215]},"id":"1_1_2_293","properties":{"Class":1}},{"type":"Feature","geometry":{"type":"Point","coordinates":[72.89409333736812,19.26784953125664]},"id":"1_1_2_294","properties":{"Class":1}},{"type":"Feature","geometry":{"type":"Point","coordinates":[72.89143258602535,19.266391110929657]},"id":"1_1_2_295","properties":{"Class":1}},{"type":"Feature","geometry":{"type":"Point","coordinates":[72.88860017330562,19.27757200176752]},"id":"1_1_2_296","properties":{"Class":1}},{"type":"Feature","geometry":{"type":"Point","coordinates":[72.88490945370113,19.27894930510206]},"id":"1_1_2_297","properties":{"Class":1}},{"type":"Feature","geometry":{"type":"Point","coordinates":[72.88121873409663,19.283405207133764]},"id":"1_1_2_298","properties":{"Class":1}},{"type":"Feature","geometry":{"type":"Point","coordinates":[72.88018876583492,19.279354392114218]},"id":"1_1_2_299","properties":{"Class":1}},{"type":"Feature","geometry":{"type":"Point","coordinates":[72.8707473901025,19.29466594637366]},"id":"1_1_2_300","properties":{"Class":1}},{"type":"Feature","geometry":{"type":"Point","coordinates":[72.86697083980953,19.289805290634582]},"id":"1_1_2_301","properties":{"Class":1}},{"type":"Feature","geometry":{"type":"Point","coordinates":[72.86508256466304,19.285349562754003]},"id":"1_1_2_302","properties":{"Class":1}},{"type":"Feature","geometry":{"type":"Point","coordinates":[72.86139184505855,19.282919114621503]},"id":"1_1_2_303","properties":{"Class":1}},{"type":"Feature","geometry":{"type":"Point","coordinates":[72.85984689266597,19.281784893148682]},"id":"1_1_2_304","properties":{"Class":1}},{"type":"Feature","geometry":{"type":"Point","coordinates":[72.85838777096187,19.288833142166762]},"id":"1_1_2_305","properties":{"Class":1}},{"type":"Feature","geometry":{"type":"Point","coordinates":[72.86130601437007,19.2907774333294]},"id":"1_1_2_306","properties":{"Class":1}},{"type":"Feature","geometry":{"type":"Point","coordinates":[72.86336595089351,19.29563806019975]},"id":"1_1_2_307","properties":{"Class":1}},{"type":"Feature","geometry":{"type":"Point","coordinates":[72.86551171810542,19.29677218569853]},"id":"1_1_2_308","properties":{"Class":1}},{"type":"Feature","geometry":{"type":"Point","coordinates":[72.86362344295894,19.293774836960573]},"id":"1_1_2_309","properties":{"Class":1}},{"type":"Feature","geometry":{"type":"Point","coordinates":[72.86405259640132,19.291020468101046]},"id":"1_1_2_310","properties":{"Class":1}},{"type":"Feature","geometry":{"type":"Point","coordinates":[72.86722833187495,19.299931493855066]},"id":"1_1_2_311","properties":{"Class":1}},{"type":"Feature","geometry":{"type":"Point","coordinates":[72.87083322079097,19.30033652895061]},"id":"1_1_2_312","properties":{"Class":1}},{"type":"Feature","geometry":{"type":"Point","coordinates":[72.86531072706909,19.304299918133186]},"id":"1_1_2_313","properties":{"Class":1}},{"type":"Feature","geometry":{"type":"Point","coordinates":[72.86127668471069,19.307783094163305]},"id":"1_1_2_314","properties":{"Class":1}},{"type":"Feature","geometry":{"type":"Point","coordinates":[72.85689931959838,19.31159020171018]},"id":"1_1_2_315","properties":{"Class":1}},{"type":"Feature","geometry":{"type":"Point","coordinates":[72.85689931959838,19.313615222801204]},"id":"1_1_2_316","properties":{"Class":1}},{"type":"Feature","geometry":{"type":"Point","coordinates":[72.85732847304077,19.30737807750605]},"id":"1_1_2_317","properties":{"Class":1}},{"type":"Feature","geometry":{"type":"Point","coordinates":[72.86076170057983,19.30486695184413]},"id":"1_1_2_318","properties":{"Class":1}},{"type":"Feature","geometry":{"type":"Point","coordinates":[72.85853010267944,19.302112769692528]},"id":"1_1_2_319","properties":{"Class":1}},{"type":"Feature","geometry":{"type":"Point","coordinates":[72.86256414503784,19.301221700833167]},"id":"1_1_2_320","properties":{"Class":1}},{"type":"Feature","geometry":{"type":"Point","coordinates":[72.85895925612182,19.295146101991342]},"id":"1_1_2_321","properties":{"Class":1}},{"type":"Feature","geometry":{"type":"Point","coordinates":[72.85629850477906,19.299520555897455]},"id":"1_1_2_322","properties":{"Class":1}},{"type":"Feature","geometry":{"type":"Point","coordinates":[72.8495178803894,19.296928301032413]},"id":"1_1_2_323","properties":{"Class":1}},{"type":"Feature","geometry":{"type":"Point","coordinates":[72.84685712904663,19.29320186272063]},"id":"1_1_2_324","properties":{"Class":1}},{"type":"Feature","geometry":{"type":"Point","coordinates":[72.85140615553588,19.290690519480837]},"id":"1_1_2_325","properties":{"Class":1}},{"type":"Feature","geometry":{"type":"Point","coordinates":[72.84599882216186,19.298143425613794]},"id":"1_1_2_326","properties":{"Class":1}},{"type":"Feature","geometry":{"type":"Point","coordinates":[72.84867100000486,19.30519097022497]},"id":"1_1_2_327","properties":{"Class":1}},{"type":"Feature","geometry":{"type":"Point","coordinates":[72.85184673547849,19.303489866564853]},"id":"1_1_2_328","properties":{"Class":1}},{"type":"Feature","geometry":{"type":"Point","coordinates":[72.85570911645993,19.305676996592698]},"id":"1_1_2_329","properties":{"Class":1}},{"type":"Feature","geometry":{"type":"Point","coordinates":[72.85330585718259,19.309970166779397]},"id":"1_1_2_330","properties":{"Class":1}},{"type":"Feature","geometry":{"type":"Point","coordinates":[72.86034397363768,19.31142819893939]},"id":"1_1_2_331","properties":{"Class":1}},{"type":"Feature","geometry":{"type":"Point","coordinates":[72.8664379525195,19.309484153170313]},"id":"1_1_2_332","properties":{"Class":1}},{"type":"Feature","geometry":{"type":"Point","coordinates":[72.84772686243161,19.291014565934898]},"id":"1_1_2_333","properties":{"Class":1}},{"type":"Feature","geometry":{"type":"Point","coordinates":[72.85318292613617,19.257502852234477]},"id":"1_1_2_334","properties":{"Class":1}},{"type":"Feature","geometry":{"type":"Point","coordinates":[72.85721696849457,19.25798902014001]},"id":"1_1_2_335","properties":{"Class":1}},{"type":"Feature","geometry":{"type":"Point","coordinates":[72.86022104259125,19.259771623462747]},"id":"1_1_2_336","properties":{"Class":1}},{"type":"Feature","geometry":{"type":"Point","coordinates":[72.86399759288422,19.258637241772103]},"id":"1_1_2_337","properties":{"Class":1}},{"type":"Feature","geometry":{"type":"Point","coordinates":[72.86914743419281,19.254018606737954]},"id":"1_1_2_338","properties":{"Class":1}},{"type":"Feature","geometry":{"type":"Point","coordinates":[72.87361062999359,19.25458581453697]},"id":"1_1_2_339","properties":{"Class":1}},{"type":"Feature","geometry":{"type":"Point","coordinates":[72.8728381537973,19.260176757879066]},"id":"1_1_2_340","properties":{"Class":1}},{"type":"Feature","geometry":{"type":"Point","coordinates":[72.86923326488129,19.263984972463195]},"id":"1_1_2_341","properties":{"Class":1}},{"type":"Feature","geometry":{"type":"Point","coordinates":[72.86382593150726,19.253370366851716]},"id":"1_1_2_342","properties":{"Class":1}},{"type":"Feature","geometry":{"type":"Point","coordinates":[72.86285550383285,19.256715928872215]},"id":"1_1_2_343","properties":{"Class":1}},{"type":"Feature","geometry":{"type":"Point","coordinates":[72.8586498000975,19.254852262941657]},"id":"1_1_2_344","properties":{"Class":1}},{"type":"Feature","geometry":{"type":"Point","coordinates":[72.85341412810043,19.252745484652202]},"id":"1_1_2_345","properties":{"Class":1}},{"type":"Feature","geometry":{"type":"Point","coordinates":[72.84989506987289,19.25379887717923]},"id":"1_1_2_346","properties":{"Class":1}},{"type":"Feature","geometry":{"type":"Point","coordinates":[72.84852177885726,19.249504234451315]},"id":"1_1_2_347","properties":{"Class":1}},{"type":"Feature","geometry":{"type":"Point","coordinates":[72.85246999052718,19.249261138104877]},"id":"1_1_2_348","properties":{"Class":1}},{"type":"Feature","geometry":{"type":"Point","coordinates":[72.8560748794432,19.249909394228325]},"id":"1_1_2_349","properties":{"Class":1}},{"type":"Feature","geometry":{"type":"Point","coordinates":[72.85925061491683,19.251286929986275]},"id":"1_1_2_350","properties":{"Class":1}},{"type":"Feature","geometry":{"type":"Point","coordinates":[72.86259801176742,19.25128692998627]},"id":"1_1_2_351","properties":{"Class":1}},{"type":"Feature","geometry":{"type":"Point","coordinates":[72.8674045303221,19.250395584640067]},"id":"1_1_2_352","properties":{"Class":1}},{"type":"Feature","geometry":{"type":"Point","coordinates":[72.87058026579574,19.248612879420183]},"id":"1_1_2_353","properties":{"Class":1}},{"type":"Feature","geometry":{"type":"Point","coordinates":[72.86148221281722,19.247397387483364]},"id":"1_1_2_354","properties":{"Class":1}},{"type":"Feature","geometry":{"type":"Point","coordinates":[72.85564572600082,19.246749121435546]},"id":"1_1_2_355","properties":{"Class":1}},{"type":"Feature","geometry":{"type":"Point","coordinates":[72.84929425505356,19.246343953855185]},"id":"1_1_2_356","properties":{"Class":1}},{"type":"Feature","geometry":{"type":"Point","coordinates":[72.84568936613753,19.244885342283112]},"id":"1_1_2_357","properties":{"Class":1}},{"type":"Feature","geometry":{"type":"Point","coordinates":[72.84869344023421,19.243669822736834]},"id":"1_1_2_358","properties":{"Class":1}},{"type":"Feature","geometry":{"type":"Point","coordinates":[72.85384328154281,19.244966376599436]},"id":"1_1_2_359","properties":{"Class":1}},{"type":"Feature","geometry":{"type":"Point","coordinates":[72.85839230803207,19.244885342283112]},"id":"1_1_2_360","properties":{"Class":1}},{"type":"Feature","geometry":{"type":"Point","coordinates":[72.86148221281722,19.2464249874513]},"id":"1_1_2_361","properties":{"Class":1}},{"type":"Feature","geometry":{"type":"Point","coordinates":[72.8674045303221,19.246262920219074]},"id":"1_1_2_362","properties":{"Class":1}},{"type":"Feature","geometry":{"type":"Point","coordinates":[72.86826283720687,19.24366982273683]},"id":"1_1_2_363","properties":{"Class":1}},{"type":"Feature","geometry":{"type":"Point","coordinates":[72.86525876311019,19.241724972738613]},"id":"1_1_2_364","properties":{"Class":1}},{"type":"Feature","geometry":{"type":"Point","coordinates":[72.8560748794432,19.239942173330533]},"id":"1_1_2_365","properties":{"Class":1}},{"type":"Feature","geometry":{"type":"Point","coordinates":[72.84980923918441,19.24042839327112]},"id":"1_1_2_366","properties":{"Class":1}},{"type":"Feature","geometry":{"type":"Point","coordinates":[72.84646184233382,19.238645579781895]},"id":"1_1_2_367","properties":{"Class":1}},{"type":"Feature","geometry":{"type":"Point","coordinates":[72.84376484179009,19.2355931759496]},"id":"1_1_2_368","properties":{"Class":1}},{"type":"Feature","geometry":{"type":"Point","coordinates":[72.8499446513604,19.235431098022875]},"id":"1_1_2_369","properties":{"Class":1}},{"type":"Feature","geometry":{"type":"Point","coordinates":[72.85475116991509,19.235269019936165]},"id":"1_1_2_370","properties":{"Class":1}},{"type":"Feature","geometry":{"type":"Point","coordinates":[72.85775524401177,19.237538098591504]},"id":"1_1_2_371","properties":{"Class":1}},{"type":"Feature","geometry":{"type":"Point","coordinates":[72.85964351915827,19.240860621472258]},"id":"1_1_2_372","properties":{"Class":1}},{"type":"Feature","geometry":{"type":"Point","coordinates":[72.86067348741997,19.240779585128877]},"id":"1_1_2_373","properties":{"Class":1}},{"type":"Feature","geometry":{"type":"Point","coordinates":[72.86067348741997,19.23575525371634]},"id":"1_1_2_374","properties":{"Class":1}},{"type":"Feature","geometry":{"type":"Point","coordinates":[72.86616665148247,19.237376022584634]},"id":"1_1_2_375","properties":{"Class":1}},{"type":"Feature","geometry":{"type":"Point","coordinates":[72.85792690538872,19.23105493353273]},"id":"1_1_2_376","properties":{"Class":1}},{"type":"Feature","geometry":{"type":"Point","coordinates":[72.8510604503106,19.231217015778505]},"id":"1_1_2_377","properties":{"Class":1}},{"type":"Feature","geometry":{"type":"Point","coordinates":[72.84565311693657,19.230406602950158]},"id":"1_1_2_378","properties":{"Class":1}},{"type":"Feature","geometry":{"type":"Point","coordinates":[72.84161907457818,19.2303255614474]},"id":"1_1_2_379","properties":{"Class":1}},{"type":"Feature","geometry":{"type":"Point","coordinates":[72.8481422069024,19.229190976210297]},"id":"1_1_2_380","properties":{"Class":1}},{"type":"Feature","geometry":{"type":"Point","coordinates":[72.85320621752251,19.229515144220596]},"id":"1_1_2_381","properties":{"Class":1}},{"type":"Feature","geometry":{"type":"Point","coordinates":[72.85998684191216,19.2303255614474]},"id":"1_1_2_382","properties":{"Class":1}},{"type":"Feature","geometry":{"type":"Point","coordinates":[72.85672527575005,19.23453966656627]},"id":"1_1_2_383","properties":{"Class":1}},{"type":"Feature","geometry":{"type":"Point","coordinates":[72.85629612230767,19.23097389234986]},"id":"1_1_2_384","properties":{"Class":1}},{"type":"Feature","geometry":{"type":"Point","coordinates":[72.85063129686822,19.226435522294125]},"id":"1_1_2_385","properties":{"Class":1}},{"type":"Feature","geometry":{"type":"Point","coordinates":[72.84282070421685,19.225219866167876]},"id":"1_1_2_386","properties":{"Class":1}},{"type":"Feature","geometry":{"type":"Point","coordinates":[72.83947330736626,19.22497673386324]},"id":"1_1_2_387","properties":{"Class":1}},{"type":"Feature","geometry":{"type":"Point","coordinates":[72.8308902385186,19.225138822106317]},"id":"1_1_2_388","properties":{"Class":1}},{"type":"Feature","geometry":{"type":"Point","coordinates":[72.8279719951104,19.227651169425076]},"id":"1_1_2_389","properties":{"Class":1}},{"type":"Feature","geometry":{"type":"Point","coordinates":[72.82333713793267,19.22765116942508]},"id":"1_1_2_390","properties":{"Class":1}},{"type":"Feature","geometry":{"type":"Point","coordinates":[72.83217769884575,19.219724023911834]},"id":"1_1_2_391","properties":{"Class":1}},{"type":"Feature","geometry":{"type":"Point","coordinates":[72.83758503221978,19.220210303705425]},"id":"1_1_2_392","properties":{"Class":1}},{"type":"Feature","geometry":{"type":"Point","coordinates":[72.84290653490532,19.22175018022585]},"id":"1_1_2_393","properties":{"Class":1}},{"type":"Feature","geometry":{"type":"Point","coordinates":[72.84659725450982,19.22166913445292]},"id":"1_1_2_394","properties":{"Class":1}},{"type":"Feature","geometry":{"type":"Point","coordinates":[72.85011631273736,19.222560635756672]},"id":"1_1_2_395","properties":{"Class":1}},{"type":"Feature","geometry":{"type":"Point","coordinates":[72.85483700060357,19.223695266784475]},"id":"1_1_2_396","properties":{"Class":1}},{"type":"Feature","geometry":{"type":"Point","coordinates":[72.85775524401177,19.225316154661403]},"id":"1_1_2_397","properties":{"Class":1}},{"type":"Feature","geometry":{"type":"Point","coordinates":[72.86178928637017,19.22718015595114]},"id":"1_1_2_398","properties":{"Class":1}},{"type":"Feature","geometry":{"type":"Point","coordinates":[72.8649650218438,19.227261199005724]},"id":"1_1_2_399","properties":{"Class":1}},{"type":"Feature","geometry":{"type":"Point","coordinates":[72.86917072557917,19.236986075256265]},"id":"1_1_2_400","properties":{"Class":1}},{"type":"Feature","geometry":{"type":"Point","coordinates":[72.86548000597466,19.223533177117332]},"id":"1_1_2_401","properties":{"Class":1}},{"type":"Feature","geometry":{"type":"Point","coordinates":[72.86015850328911,19.22312795224993]},"id":"1_1_2_402","properties":{"Class":1}},{"type":"Feature","geometry":{"type":"Point","coordinates":[72.85749775194634,19.222074362917834]},"id":"1_1_2_403","properties":{"Class":1}},{"type":"Feature","geometry":{"type":"Point","coordinates":[72.85415035509575,19.221507042787156]},"id":"1_1_2_404","properties":{"Class":1}},{"type":"Feature","geometry":{"type":"Point","coordinates":[72.85080295824517,19.219967163988482]},"id":"1_1_2_405","properties":{"Class":1}},{"type":"Feature","geometry":{"type":"Point","coordinates":[72.8470264079522,19.21891355439183]},"id":"1_1_2_406","properties":{"Class":1}},{"type":"Feature","geometry":{"type":"Point","coordinates":[72.84058910631646,19.21818412840675]},"id":"1_1_2_407","properties":{"Class":1}},{"type":"Feature","geometry":{"type":"Point","coordinates":[72.83561092638482,19.217211555391124]},"id":"1_1_2_408","properties":{"Class":1}},{"type":"Feature","geometry":{"type":"Point","coordinates":[72.83226352953423,19.216563170183655]},"id":"1_1_2_409","properties":{"Class":1}},{"type":"Feature","geometry":{"type":"Point","coordinates":[72.82719951891411,19.21510429411594]},"id":"1_1_2_410","properties":{"Class":1}},{"type":"Feature","geometry":{"type":"Point","coordinates":[72.82368046068657,19.212024402124097]},"id":"1_1_2_411","properties":{"Class":1}},{"type":"Feature","geometry":{"type":"Point","coordinates":[72.8201935366569,19.20967312905637]},"id":"1_1_2_412","properties":{"Class":1}},{"type":"Feature","geometry":{"type":"Point","coordinates":[72.82560087003093,19.210402592805]},"id":"1_1_2_413","properties":{"Class":1}},{"type":"Feature","geometry":{"type":"Point","coordinates":[72.82963491238932,19.210240490029403]},"id":"1_1_2_414","properties":{"Class":1}},{"type":"Feature","geometry":{"type":"Point","coordinates":[72.83572889127116,19.212672014883523]},"id":"1_1_2_415","properties":{"Class":1}},{"type":"Feature","geometry":{"type":"Point","coordinates":[72.841822870153,19.214049863005812]},"id":"1_1_2_416","properties":{"Class":1}},{"type":"Feature","geometry":{"type":"Point","coordinates":[72.84697271146159,19.21623818628862]},"id":"1_1_2_417","properties":{"Class":1}},{"type":"Feature","geometry":{"type":"Point","coordinates":[72.85212255277018,19.21623818628862]},"id":"1_1_2_418","properties":{"Class":1}},{"type":"Feature","geometry":{"type":"Point","coordinates":[72.8583023623405,19.217210765063598]},"id":"1_1_2_419","properties":{"Class":1}},{"type":"Feature","geometry":{"type":"Point","coordinates":[72.865597970861,19.218264385575825]},"id":"1_1_2_420","properties":{"Class":1}},{"type":"Feature","geometry":{"type":"Point","coordinates":[72.86911702908854,19.21534665068983]},"id":"1_1_2_421","properties":{"Class":1}},{"type":"Feature","geometry":{"type":"Point","coordinates":[72.87418103970866,19.212834115261963]},"id":"1_1_2_422","properties":{"Class":1}},{"type":"Feature","geometry":{"type":"Point","coordinates":[72.86757207669596,19.210888900172982]},"id":"1_1_2_423","properties":{"Class":1}},{"type":"Feature","geometry":{"type":"Point","coordinates":[72.86319471158366,19.211375206102698]},"id":"1_1_2_424","properties":{"Class":1}},{"type":"Feature","geometry":{"type":"Point","coordinates":[72.8520367220817,19.208862609984887]},"id":"1_1_2_425","properties":{"Class":1}},{"type":"Feature","geometry":{"type":"Point","coordinates":[72.8458569125114,19.20764682388743]},"id":"1_1_2_426","properties":{"Class":1}},{"type":"Feature","geometry":{"type":"Point","coordinates":[72.83796048917155,19.206349975476876]},"id":"1_1_2_427","properties":{"Class":1}},{"type":"Feature","geometry":{"type":"Point","coordinates":[72.83238149442057,19.205215224729432]},"id":"1_1_2_428","properties":{"Class":1}},{"type":"Feature","geometry":{"type":"Point","coordinates":[72.82491422452311,19.20480995470809]},"id":"1_1_2_429","properties":{"Class":1}},{"type":"Feature","geometry":{"type":"Point","coordinates":[72.82088018216471,19.20254042413631]},"id":"1_1_2_430","properties":{"Class":1}},{"type":"Feature","geometry":{"type":"Point","coordinates":[72.81796193875653,19.197004408413324]},"id":"1_1_2_431","properties":{"Class":1}},{"type":"Feature","geometry":{"type":"Point","coordinates":[72.82645917691569,19.197652870733307]},"id":"1_1_2_432","properties":{"Class":1}},{"type":"Feature","geometry":{"type":"Point","coordinates":[72.83444143094401,19.196923350443637]},"id":"1_1_2_433","properties":{"Class":1}},{"type":"Feature","geometry":{"type":"Point","coordinates":[72.83873296536784,19.198220273167067]},"id":"1_1_2_434","properties":{"Class":1}},{"type":"Feature","geometry":{"type":"Point","coordinates":[72.83838964261393,19.202435201419885]},"id":"1_1_2_435","properties":{"Class":1}},{"type":"Feature","geometry":{"type":"Point","coordinates":[72.84422612943034,19.203002587361237]},"id":"1_1_2_436","properties":{"Class":1}},{"type":"Feature","geometry":{"type":"Point","coordinates":[72.84302449979167,19.1978960434445]},"id":"1_1_2_437","properties":{"Class":1}},{"type":"Feature","geometry":{"type":"Point","coordinates":[72.8491184786735,19.198544502250762]},"id":"1_1_2_438","properties":{"Class":1}},{"type":"Feature","geometry":{"type":"Point","coordinates":[72.84748769559245,19.203975244422047]},"id":"1_1_2_439","properties":{"Class":1}},{"type":"Feature","geometry":{"type":"Point","coordinates":[72.85692907132487,19.20219203541739]},"id":"1_1_2_440","properties":{"Class":1}},{"type":"Feature","geometry":{"type":"Point","coordinates":[72.85598493375163,19.19676123438451]},"id":"1_1_2_441","properties":{"Class":1}},{"type":"Feature","geometry":{"type":"Point","coordinates":[72.85006261624675,19.193680998917916]},"id":"1_1_2_442","properties":{"Class":1}},{"type":"Feature","geometry":{"type":"Point","coordinates":[72.84431196011882,19.192221919891775]},"id":"1_1_2_443","properties":{"Class":1}},{"type":"Feature","geometry":{"type":"Point","coordinates":[72.83761716641764,19.19222191989177]},"id":"1_1_2_444","properties":{"Class":1}},{"type":"Feature","geometry":{"type":"Point","coordinates":[72.83220983304362,19.191492375528508]},"id":"1_1_2_445","properties":{"Class":1}},{"type":"Feature","geometry":{"type":"Point","coordinates":[72.83525970485604,19.188055125526493]},"id":"1_1_2_446","properties":{"Class":1}},{"type":"Feature","geometry":{"type":"Point","coordinates":[72.84040954616464,19.18805512552649]},"id":"1_1_2_447","properties":{"Class":1}},{"type":"Feature","geometry":{"type":"Point","coordinates":[72.84513023403085,19.188865747100266]},"id":"1_1_2_448","properties":{"Class":1}},{"type":"Feature","geometry":{"type":"Point","coordinates":[72.8493359377662,19.189838487720245]},"id":"1_1_2_449","properties":{"Class":1}},{"type":"Feature","geometry":{"type":"Point","coordinates":[72.85379913356698,19.189514241485533]},"id":"1_1_2_450","properties":{"Class":1}},{"type":"Feature","geometry":{"type":"Point","coordinates":[72.85706069972909,19.190243794615554]},"id":"1_1_2_451","properties":{"Class":1}},{"type":"Feature","geometry":{"type":"Point","coordinates":[72.8559449007789,19.186190680760614]},"id":"1_1_2_452","properties":{"Class":1}},{"type":"Feature","geometry":{"type":"Point","coordinates":[72.85019424465096,19.185380046016565]},"id":"1_1_2_453","properties":{"Class":1}},{"type":"Feature","geometry":{"type":"Point","coordinates":[72.84521606471932,19.184164086418004]},"id":"1_1_2_454","properties":{"Class":1}},{"type":"Feature","geometry":{"type":"Point","coordinates":[72.84023788478768,19.183110247503233]},"id":"1_1_2_455","properties":{"Class":1}},{"type":"Feature","geometry":{"type":"Point","coordinates":[72.83680465724862,19.18286705294984]},"id":"1_1_2_456","properties":{"Class":1}},{"type":"Feature","geometry":{"type":"Point","coordinates":[72.82006767299569,19.18586642734189]},"id":"1_1_2_457","properties":{"Class":1}},{"type":"Feature","geometry":{"type":"Point","coordinates":[72.81431701686776,19.18756875066647]},"id":"1_1_2_458","properties":{"Class":1}},{"type":"Feature","geometry":{"type":"Point","coordinates":[72.81757858302987,19.19243243460626]},"id":"1_1_2_459","properties":{"Class":1}},{"type":"Feature","geometry":{"type":"Point","coordinates":[72.81775024440682,19.18351557096083]},"id":"1_1_2_460","properties":{"Class":1}},{"type":"Feature","geometry":{"type":"Point","coordinates":[72.82393005397714,19.18651493354081]},"id":"1_1_2_461","properties":{"Class":1}},{"type":"Feature","geometry":{"type":"Point","coordinates":[72.82247093227303,19.189676364682725]},"id":"1_1_2_462","properties":{"Class":1}},{"type":"Feature","geometry":{"type":"Point","coordinates":[72.80787971523202,19.200619311325358]},"id":"1_1_2_463","properties":{"Class":1}},{"type":"Feature","geometry":{"type":"Point","coordinates":[72.80865219142831,19.194377867945267]},"id":"1_1_2_464","properties":{"Class":1}},{"type":"Feature","geometry":{"type":"Point","coordinates":[72.81148460414803,19.198268665634895]},"id":"1_1_2_465","properties":{"Class":1}},{"type":"Feature","geometry":{"type":"Point","coordinates":[72.83568885829843,19.177597749448314]},"id":"1_1_2_466","properties":{"Class":1}},{"type":"Feature","geometry":{"type":"Point","coordinates":[72.84066703823007,19.178894824411408]},"id":"1_1_2_467","properties":{"Class":1}},{"type":"Feature","geometry":{"type":"Point","coordinates":[72.84590271022714,19.17930015824289]},"id":"1_1_2_468","properties":{"Class":1}},{"type":"Feature","geometry":{"type":"Point","coordinates":[72.8511383822242,19.18035402153684]},"id":"1_1_2_469","properties":{"Class":1}},{"type":"Feature","geometry":{"type":"Point","coordinates":[72.85723236110604,19.182380662765677]},"id":"1_1_2_470","properties":{"Class":1}},{"type":"Feature","geometry":{"type":"Point","coordinates":[72.86126640346444,19.182299597595332]},"id":"1_1_2_471","properties":{"Class":1}},{"type":"Feature","geometry":{"type":"Point","coordinates":[72.86401298549569,19.178408422497085]},"id":"1_1_2_472","properties":{"Class":1}},{"type":"Feature","geometry":{"type":"Point","coordinates":[72.86401298549569,19.174517155481663]},"id":"1_1_2_473","properties":{"Class":1}},{"type":"Feature","geometry":{"type":"Point","coordinates":[72.85757568385996,19.175976391382985]},"id":"1_1_2_474","properties":{"Class":1}},{"type":"Feature","geometry":{"type":"Point","coordinates":[72.85165336635508,19.17524677504784]},"id":"1_1_2_475","properties":{"Class":1}},{"type":"Feature","geometry":{"type":"Point","coordinates":[72.84701850917733,19.17378753268459]},"id":"1_1_2_476","properties":{"Class":1}},{"type":"Feature","geometry":{"type":"Point","coordinates":[72.84135368373788,19.173220046053213]},"id":"1_1_2_477","properties":{"Class":1}},{"type":"Feature","geometry":{"type":"Point","coordinates":[72.84478691127694,19.168745969276625]},"id":"1_1_2_478","properties":{"Class":1}},{"type":"Feature","geometry":{"type":"Point","coordinates":[72.85053756740487,19.171178107110755]},"id":"1_1_2_479","properties":{"Class":1}},{"type":"Feature","geometry":{"type":"Point","coordinates":[72.87113693263925,19.172475232612662]},"id":"1_1_2_480","properties":{"Class":1}},{"type":"Feature","geometry":{"type":"Point","coordinates":[72.88109329250253,19.174826246560063]},"id":"1_1_2_481","properties":{"Class":1}},{"type":"Feature","geometry":{"type":"Point","coordinates":[72.85465744045175,19.166638087456022]},"id":"1_1_2_482","properties":{"Class":1}},{"type":"Feature","geometry":{"type":"Point","coordinates":[72.85199668910897,19.16355728861687]},"id":"1_1_2_483","properties":{"Class":1}},{"type":"Feature","geometry":{"type":"Point","coordinates":[72.84487274196542,19.164449104727968]},"id":"1_1_2_484","properties":{"Class":1}},{"type":"Feature","geometry":{"type":"Point","coordinates":[72.83809211757577,19.164286956702952]},"id":"1_1_2_485","properties":{"Class":1}},{"type":"Feature","geometry":{"type":"Point","coordinates":[72.83422973659434,19.164449104727968]},"id":"1_1_2_486","properties":{"Class":1}},{"type":"Feature","geometry":{"type":"Point","coordinates":[72.83354309108651,19.15699013053402]},"id":"1_1_2_487","properties":{"Class":1}},{"type":"Feature","geometry":{"type":"Point","coordinates":[72.8401520540992,19.153098357897903]},"id":"1_1_2_488","properties":{"Class":1}},{"type":"Feature","geometry":{"type":"Point","coordinates":[72.83611801174081,19.154314546710328]},"id":"1_1_2_489","properties":{"Class":1}},{"type":"Feature","geometry":{"type":"Point","coordinates":[72.85028007533944,19.161449340450616]},"id":"1_1_2_490","properties":{"Class":1}},{"type":"Feature","geometry":{"type":"Point","coordinates":[72.84916427638925,19.168989184675148]},"id":"1_1_2_491","properties":{"Class":1}},{"type":"Feature","geometry":{"type":"Point","coordinates":[72.84873512294686,19.16047200640466]},"id":"1_1_2_492","properties":{"Class":1}},{"type":"Feature","geometry":{"type":"Point","coordinates":[72.85036590602792,19.155769535519905]},"id":"1_1_2_493","properties":{"Class":1}},{"type":"Feature","geometry":{"type":"Point","coordinates":[72.84985092189706,19.149202067341875]},"id":"1_1_2_494","properties":{"Class":1}},{"type":"Feature","geometry":{"type":"Point","coordinates":[72.84916427638925,19.14417493976192]},"id":"1_1_2_495","properties":{"Class":1}},{"type":"Feature","geometry":{"type":"Point","coordinates":[72.84890678432382,19.13987743511164]},"id":"1_1_2_496","properties":{"Class":1}},{"type":"Feature","geometry":{"type":"Point","coordinates":[72.84246948268807,19.13917599830529]},"id":"1_1_2_497","properties":{"Class":1}},{"type":"Feature","geometry":{"type":"Point","coordinates":[72.84727600124276,19.133743120566635]},"id":"1_1_2_498","properties":{"Class":1}},{"type":"Feature","geometry":{"type":"Point","coordinates":[72.85680320766366,19.13487836352398]},"id":"1_1_2_499","properties":{"Class":1}},{"type":"Feature","geometry":{"type":"Point","coordinates":[72.84813430812753,19.126444943804785]},"id":"1_1_2_500","properties":{"Class":1}},{"type":"Feature","geometry":{"type":"Point","coordinates":[72.85165336635508,19.13301331740166]},"id":"1_1_2_501","properties":{"Class":1}},{"type":"Feature","geometry":{"type":"Point","coordinates":[72.85294082668221,19.139986860247934]},"id":"1_1_2_502","properties":{"Class":1}},{"type":"Feature","geometry":{"type":"Point","coordinates":[72.84401443508065,19.12717477599092]},"id":"1_1_2_503","properties":{"Class":1}},{"type":"Feature","geometry":{"type":"Point","coordinates":[72.98788076794183,19.072284280102316]},"id":"1_1_2_504","properties":{"Class":1}},{"type":"Feature","geometry":{"type":"Point","coordinates":[72.99345976269281,19.07139196658857]},"id":"1_1_2_505","properties":{"Class":1}},{"type":"Feature","geometry":{"type":"Point","coordinates":[72.99912458813226,19.076745775597992]},"id":"1_1_2_506","properties":{"Class":1}},{"type":"Feature","geometry":{"type":"Point","coordinates":[73.00144201672113,19.08226164030002]},"id":"1_1_2_507","properties":{"Class":1}},{"type":"Feature","geometry":{"type":"Point","coordinates":[73.00985342419183,19.083802804959337]},"id":"1_1_2_508","properties":{"Class":1}},{"type":"Feature","geometry":{"type":"Point","coordinates":[73.00933844006097,19.073987774377578]},"id":"1_1_2_509","properties":{"Class":1}},{"type":"Feature","geometry":{"type":"Point","coordinates":[73.00745016491449,19.066605839390256]},"id":"1_1_2_510","properties":{"Class":1}},{"type":"Feature","geometry":{"type":"Point","coordinates":[73.00607687389886,19.05833119185336]},"id":"1_1_2_511","properties":{"Class":1}},{"type":"Feature","geometry":{"type":"Point","coordinates":[73.01182753002679,19.055410629436523]},"id":"1_1_2_512","properties":{"Class":1}},{"type":"Feature","geometry":{"type":"Point","coordinates":[73.01302915966546,19.060846079390686]},"id":"1_1_2_513","properties":{"Class":1}},{"type":"Feature","geometry":{"type":"Point","coordinates":[73.01277166760003,19.071067487756007]},"id":"1_1_2_514","properties":{"Class":1}},{"type":"Feature","geometry":{"type":"Point","coordinates":[73.02092558300531,19.079260383756374]},"id":"1_1_2_515","properties":{"Class":1}},{"type":"Feature","geometry":{"type":"Point","coordinates":[73.02684790051019,19.069120601419968]},"id":"1_1_2_516","properties":{"Class":1}},{"type":"Feature","geometry":{"type":"Point","coordinates":[73.02521711742914,19.06092720416015]},"id":"1_1_2_517","properties":{"Class":1}},{"type":"Feature","geometry":{"type":"Point","coordinates":[73.02873617565668,19.052327757765234]},"id":"1_1_2_518","properties":{"Class":1}},{"type":"Feature","geometry":{"type":"Point","coordinates":[73.02392965710199,19.049325959250357]},"id":"1_1_2_519","properties":{"Class":1}},{"type":"Feature","geometry":{"type":"Point","coordinates":[73.02126890575921,19.066930326957213]},"id":"1_1_2_520","properties":{"Class":1}},{"type":"Feature","geometry":{"type":"Point","coordinates":[73.02092558300531,19.074474483811134]},"id":"1_1_2_521","properties":{"Class":1}},{"type":"Feature","geometry":{"type":"Point","coordinates":[73.02676206982171,19.080882691343618]},"id":"1_1_2_522","properties":{"Class":1}},{"type":"Feature","geometry":{"type":"Point","coordinates":[73.02401548779046,19.088345101575573]},"id":"1_1_2_523","properties":{"Class":1}},{"type":"Feature","geometry":{"type":"Point","coordinates":[73.0187798157934,19.085506180791782]},"id":"1_1_2_524","properties":{"Class":1}},{"type":"Feature","geometry":{"type":"Point","coordinates":[73.0139732972387,19.092400618254914]},"id":"1_1_2_525","properties":{"Class":1}},{"type":"Feature","geometry":{"type":"Point","coordinates":[73.005561889768,19.088750657714094]},"id":"1_1_2_526","properties":{"Class":1}},{"type":"Feature","geometry":{"type":"Point","coordinates":[73.00899511730707,19.08153160992962]},"id":"1_1_2_527","properties":{"Class":1}},{"type":"Feature","geometry":{"type":"Point","coordinates":[73.01722797827507,19.048982010999406]},"id":"1_1_2_528","properties":{"Class":1}},{"type":"Feature","geometry":{"type":"Point","coordinates":[73.01233562903191,19.04127442582026]},"id":"1_1_2_529","properties":{"Class":1}},{"type":"Feature","geometry":{"type":"Point","coordinates":[73.01499638037468,19.03543264917976]},"id":"1_1_2_530","properties":{"Class":1}},{"type":"Feature","geometry":{"type":"Point","coordinates":[73.01594051794793,19.03656856628972]},"id":"1_1_2_531","properties":{"Class":1}},{"type":"Feature","geometry":{"type":"Point","coordinates":[73.01954540686394,19.04314050559558]},"id":"1_1_2_532","properties":{"Class":1}},{"type":"Feature","geometry":{"type":"Point","coordinates":[73.02109035925652,19.036244019336888]},"id":"1_1_2_533","properties":{"Class":1}},{"type":"Feature","geometry":{"type":"Point","coordinates":[73.01988872961785,19.029834087057587]},"id":"1_1_2_534","properties":{"Class":1}},{"type":"Feature","geometry":{"type":"Point","coordinates":[73.01825794653679,19.02350505049075]},"id":"1_1_2_535","properties":{"Class":1}},{"type":"Feature","geometry":{"type":"Point","coordinates":[73.0255535550573,19.030888903044545]},"id":"1_1_2_536","properties":{"Class":1}},{"type":"Feature","geometry":{"type":"Point","coordinates":[73.02418026404168,19.037461067139294]},"id":"1_1_2_537","properties":{"Class":1}},{"type":"Feature","geometry":{"type":"Point","coordinates":[73.02727016882683,19.058311766706087]},"id":"1_1_2_538","properties":{"Class":1}},{"type":"Feature","geometry":{"type":"Point","coordinates":[73.01147732214716,19.03267396099378]},"id":"1_1_2_539","properties":{"Class":1}},{"type":"Feature","geometry":{"type":"Point","coordinates":[73.01230091746396,19.015747953440936]},"id":"1_1_2_540","properties":{"Class":1}},{"type":"Feature","geometry":{"type":"Point","coordinates":[73.0143608539874,19.019156085231067]},"id":"1_1_2_541","properties":{"Class":1}},{"type":"Feature","geometry":{"type":"Point","coordinates":[73.0161632984454,19.01290779024396]},"id":"1_1_2_542","properties":{"Class":1}},{"type":"Feature","geometry":{"type":"Point","coordinates":[73.0106701343829,19.018425777158317]},"id":"1_1_2_543","properties":{"Class":1}},{"type":"Feature","geometry":{"type":"Point","coordinates":[73.01684994395322,19.018263486039736]},"id":"1_1_2_544","properties":{"Class":1}},{"type":"Feature","geometry":{"type":"Point","coordinates":[73.01255840952939,19.011041370870576]},"id":"1_1_2_545","properties":{"Class":1}},{"type":"Feature","geometry":{"type":"Point","coordinates":[73.01633495982236,19.009256080563855]},"id":"1_1_2_546","properties":{"Class":1}},{"type":"Feature","geometry":{"type":"Point","coordinates":[73.01607746775693,19.005441987068828]},"id":"1_1_2_547","properties":{"Class":1}},{"type":"Feature","geometry":{"type":"Point","coordinates":[73.03092617686337,19.008038826184844]},"id":"1_1_2_548","properties":{"Class":1}},{"type":"Feature","geometry":{"type":"Point","coordinates":[73.0366768329913,19.008769179881316]},"id":"1_1_2_549","properties":{"Class":1}},{"type":"Feature","geometry":{"type":"Point","coordinates":[73.03547520335263,19.014206156582564]},"id":"1_1_2_550","properties":{"Class":1}},{"type":"Feature","geometry":{"type":"Point","coordinates":[73.03212780650205,19.01307008659073]},"id":"1_1_2_551","properties":{"Class":1}},{"type":"Feature","geometry":{"type":"Point","coordinates":[73.02299817640446,19.04451492015319]},"id":"1_1_2_552","properties":{"Class":1}},{"type":"Feature","geometry":{"type":"Point","coordinates":[73.01707585889957,19.064516928283563]},"id":"1_1_2_553","properties":{"Class":1}},{"type":"Feature","geometry":{"type":"Point","coordinates":[73.01638921339176,19.070925520877815]},"id":"1_1_2_554","properties":{"Class":1}},{"type":"Feature","geometry":{"type":"Point","coordinates":[73.01501592237614,19.077901681738098]},"id":"1_1_2_555","properties":{"Class":1}},{"type":"Feature","geometry":{"type":"Point","coordinates":[73.01596005994938,19.083417507950365]},"id":"1_1_2_556","properties":{"Class":1}},{"type":"Feature","geometry":{"type":"Point","coordinates":[73.02402814466618,19.084147530008075]},"id":"1_1_2_557","properties":{"Class":1}},{"type":"Feature","geometry":{"type":"Point","coordinates":[73.02317038024113,19.095514033406758]},"id":"1_1_2_558","properties":{"Class":1}},{"type":"Feature","geometry":{"type":"Point","coordinates":[73.01810636962101,19.095514033406758]},"id":"1_1_2_559","properties":{"Class":1}},{"type":"Feature","geometry":{"type":"Point","coordinates":[73.01115408385441,19.099082738761513]},"id":"1_1_2_560","properties":{"Class":1}},{"type":"Feature","geometry":{"type":"Point","coordinates":[73.00634756529972,19.102083635964927]},"id":"1_1_2_561","properties":{"Class":1}},{"type":"Feature","geometry":{"type":"Point","coordinates":[73.00214186156437,19.101191483022262]},"id":"1_1_2_562","properties":{"Class":1}},{"type":"Feature","geometry":{"type":"Point","coordinates":[73.00016775572941,19.107679758314198]},"id":"1_1_2_563","properties":{"Class":1}},{"type":"Feature","geometry":{"type":"Point","coordinates":[73.00557508910343,19.107436452583734]},"id":"1_1_2_564","properties":{"Class":1}},{"type":"Feature","geometry":{"type":"Point","coordinates":[73.01733389342472,19.106625430897164]},"id":"1_1_2_565","properties":{"Class":1}},{"type":"Feature","geometry":{"type":"Point","coordinates":[73.02334204161808,19.10613881597636]},"id":"1_1_2_566","properties":{"Class":1}},{"type":"Feature","geometry":{"type":"Point","coordinates":[73.02720442259952,19.109139585180337]},"id":"1_1_2_567","properties":{"Class":1}},{"type":"Feature","geometry":{"type":"Point","coordinates":[73.01913633788273,19.10240805402401]},"id":"1_1_2_568","properties":{"Class":1}},{"type":"Feature","geometry":{"type":"Point","coordinates":[73.02574530089542,19.106382123615717]},"id":"1_1_2_569","properties":{"Class":1}},{"type":"Feature","geometry":{"type":"Point","coordinates":[73.02668943846867,19.100542641496837]},"id":"1_1_2_570","properties":{"Class":1}},{"type":"Feature","geometry":{"type":"Point","coordinates":[73.0229128881757,19.101759217269688]},"id":"1_1_2_571","properties":{"Class":1}},{"type":"Feature","geometry":{"type":"Point","coordinates":[73.0302943273847,19.094297411719193]},"id":"1_1_2_572","properties":{"Class":1}},{"type":"Feature","geometry":{"type":"Point","coordinates":[73.02557363951847,19.09218857960951]},"id":"1_1_2_573","properties":{"Class":1}},{"type":"Feature","geometry":{"type":"Point","coordinates":[73.02591696227238,19.097785036627876]},"id":"1_1_2_574","properties":{"Class":1}},{"type":"Feature","geometry":{"type":"Point","coordinates":[73.02746191466495,19.106219918562573]},"id":"1_1_2_575","properties":{"Class":1}},{"type":"Feature","geometry":{"type":"Point","coordinates":[73.01947966063663,19.099893797426933]},"id":"1_1_2_576","properties":{"Class":1}},{"type":"Feature","geometry":{"type":"Point","coordinates":[73.0108107611005,19.096406216960286]},"id":"1_1_2_577","properties":{"Class":1}},{"type":"Feature","geometry":{"type":"Point","coordinates":[73.02110138065875,19.11511535677724]},"id":"1_1_2_578","properties":{"Class":1}},{"type":"Feature","geometry":{"type":"Point","coordinates":[73.02659454472125,19.117629381972744]},"id":"1_1_2_579","properties":{"Class":1}},{"type":"Feature","geometry":{"type":"Point","coordinates":[73.01260414249957,19.11592633682418]},"id":"1_1_2_580","properties":{"Class":1}},{"type":"Feature","geometry":{"type":"Point","coordinates":[73.00599517948687,19.115196454960948]},"id":"1_1_2_581","properties":{"Class":1}},{"type":"Feature","geometry":{"type":"Point","coordinates":[72.99869957096637,19.120873228951872]},"id":"1_1_2_582","properties":{"Class":1}},{"type":"Feature","geometry":{"type":"Point","coordinates":[72.99861374027789,19.1272796396786]},"id":"1_1_2_583","properties":{"Class":1}},{"type":"Feature","geometry":{"type":"Point","coordinates":[72.99663963444293,19.12995566174382]},"id":"1_1_2_584","properties":{"Class":1}},{"type":"Feature","geometry":{"type":"Point","coordinates":[72.99389305241168,19.125414507756272]},"id":"1_1_2_585","properties":{"Class":1}},{"type":"Feature","geometry":{"type":"Point","coordinates":[72.99715461857379,19.125009041508736]},"id":"1_1_2_586","properties":{"Class":1}},{"type":"Feature","geometry":{"type":"Point","coordinates":[72.98951568729937,19.12168418074869]},"id":"1_1_2_587","properties":{"Class":1}},{"type":"Feature","geometry":{"type":"Point","coordinates":[72.99226226933062,19.117872672704504]},"id":"1_1_2_588","properties":{"Class":1}},{"type":"Feature","geometry":{"type":"Point","coordinates":[72.99715461857379,19.11568304322783]},"id":"1_1_2_589","properties":{"Class":1}},{"type":"Feature","geometry":{"type":"Point","coordinates":[73.00050201542439,19.12533341458636]},"id":"1_1_2_590","properties":{"Class":1}},{"type":"Feature","geometry":{"type":"Point","coordinates":[73.00144615299762,19.130523297214832]},"id":"1_1_2_591","properties":{"Class":1}},{"type":"Feature","geometry":{"type":"Point","coordinates":[73.00075258685393,19.137812766199847]},"id":"1_1_2_592","properties":{"Class":1}},{"type":"Feature","geometry":{"type":"Point","coordinates":[73.00658907367034,19.14511044056178]},"id":"1_1_2_593","properties":{"Class":1}},{"type":"Feature","geometry":{"type":"Point","coordinates":[73.00959314776702,19.14551585745513]},"id":"1_1_2_594","properties":{"Class":1}},{"type":"Feature","geometry":{"type":"Point","coordinates":[73.01354135943694,19.142434664089308]},"id":"1_1_2_595","properties":{"Class":1}},{"type":"Feature","geometry":{"type":"Point","coordinates":[73.01431383563323,19.13692080609845]},"id":"1_1_2_596","properties":{"Class":1}},{"type":"Feature","geometry":{"type":"Point","coordinates":[73.00873484088225,19.139272326880963]},"id":"1_1_2_597","properties":{"Class":1}},{"type":"Feature","geometry":{"type":"Point","coordinates":[73.00873484088225,19.142434664089308]},"id":"1_1_2_598","properties":{"Class":1}},{"type":"Feature","geometry":{"type":"Point","coordinates":[73.0016108937387,19.141785984472552]},"id":"1_1_2_599","properties":{"Class":1}},{"type":"Feature","geometry":{"type":"Point","coordinates":[72.9964610524301,19.143894183906383]},"id":"1_1_2_600","properties":{"Class":1}},{"type":"Feature","geometry":{"type":"Point","coordinates":[72.99002375079436,19.145921273352577]},"id":"1_1_2_601","properties":{"Class":1}},{"type":"Feature","geometry":{"type":"Point","coordinates":[72.9862472005014,19.143569847284585]},"id":"1_1_2_602","properties":{"Class":1}},{"type":"Feature","geometry":{"type":"Point","coordinates":[72.99474443866058,19.150299701580177]},"id":"1_1_2_603","properties":{"Class":1}},{"type":"Feature","geometry":{"type":"Point","coordinates":[72.99628939105314,19.155813112586458]},"id":"1_1_2_604","properties":{"Class":1}},{"type":"Feature","geometry":{"type":"Point","coordinates":[73.00186838580413,19.156867126061343]},"id":"1_1_2_605","properties":{"Class":1}},{"type":"Feature","geometry":{"type":"Point","coordinates":[72.99680437518401,19.15411046120667]},"id":"1_1_2_606","properties":{"Class":1}},{"type":"Feature","geometry":{"type":"Point","coordinates":[73.00032343341157,19.148678075042028]},"id":"1_1_2_607","properties":{"Class":1}},{"type":"Feature","geometry":{"type":"Point","coordinates":[73.0030700154428,19.15151591102451]},"id":"1_1_2_608","properties":{"Class":1}},{"type":"Feature","geometry":{"type":"Point","coordinates":[72.99338676958138,19.159638444792904]},"id":"1_1_2_609","properties":{"Class":1}},{"type":"Feature","geometry":{"type":"Point","coordinates":[72.99673416643196,19.164421879357143]},"id":"1_1_2_610","properties":{"Class":1}},{"type":"Feature","geometry":{"type":"Point","coordinates":[72.99124100236946,19.164827248788892]},"id":"1_1_2_611","properties":{"Class":1}},{"type":"Feature","geometry":{"type":"Point","coordinates":[72.96345107073746,19.17133734221991]},"id":"1_1_2_612","properties":{"Class":1}},{"type":"Feature","geometry":{"type":"Point","coordinates":[72.9570995997902,19.173931580506547]},"id":"1_1_2_613","properties":{"Class":1}},{"type":"Feature","geometry":{"type":"Point","coordinates":[72.95761458392106,19.16768912553455]},"id":"1_1_2_614","properties":{"Class":1}},{"type":"Feature","geometry":{"type":"Point","coordinates":[72.96422354693375,19.189739337101113]},"id":"1_1_2_615","properties":{"Class":1}},{"type":"Feature","geometry":{"type":"Point","coordinates":[72.99280516619645,19.178795667202916]},"id":"1_1_2_616","properties":{"Class":1}},{"type":"Feature","geometry":{"type":"Point","coordinates":[73.00061575884781,19.177984996059852]},"id":"1_1_2_617","properties":{"Class":1}},{"type":"Feature","geometry":{"type":"Point","coordinates":[72.99872748370133,19.186091527944665]},"id":"1_1_2_618","properties":{"Class":1}},{"type":"Feature","geometry":{"type":"Point","coordinates":[72.98928610796891,19.184389189347876]},"id":"1_1_2_619","properties":{"Class":1}},{"type":"Feature","geometry":{"type":"Point","coordinates":[72.99575649045514,19.19816726781374]},"id":"1_1_2_620","properties":{"Class":1}},{"type":"Feature","geometry":{"type":"Point","coordinates":[72.974298818336,19.197032460624197]},"id":"1_1_2_621","properties":{"Class":1}},{"type":"Feature","geometry":{"type":"Point","coordinates":[72.9775603844981,19.21599892418701]},"id":"1_1_2_622","properties":{"Class":1}},{"type":"Feature","geometry":{"type":"Point","coordinates":[72.96760402463482,19.199626294129157]},"id":"1_1_2_623","properties":{"Class":1}},{"type":"Feature","geometry":{"type":"Point","coordinates":[72.95163951657818,19.210649630286383]},"id":"1_1_2_624","properties":{"Class":1}},{"type":"Feature","geometry":{"type":"Point","coordinates":[72.98648677609967,19.220213396783983]},"id":"1_1_2_625","properties":{"Class":1}},{"type":"Feature","geometry":{"type":"Point","coordinates":[72.9772170617442,19.22653490303476]},"id":"1_1_2_626","properties":{"Class":1}},{"type":"Feature","geometry":{"type":"Point","coordinates":[72.99094997190045,19.19395223023401]},"id":"1_1_2_627","properties":{"Class":1}},{"type":"Feature","geometry":{"type":"Point","coordinates":[73.00416789792584,19.184386936878912]},"id":"1_1_2_628","properties":{"Class":1}},{"type":"Feature","geometry":{"type":"Point","coordinates":[72.99386821530865,19.18471119321098]},"id":"1_1_2_629","properties":{"Class":1}},{"type":"Feature","geometry":{"type":"Point","coordinates":[73.00468288205671,19.171740442002474]},"id":"1_1_2_630","properties":{"Class":1}},{"type":"Feature","geometry":{"type":"Point","coordinates":[72.99558482907818,19.174334673943008]},"id":"1_1_2_631","properties":{"Class":1}},{"type":"Feature","geometry":{"type":"Point","coordinates":[72.98837505124615,19.176118184709257]},"id":"1_1_2_632","properties":{"Class":1}},{"type":"Feature","geometry":{"type":"Point","coordinates":[72.92863689206646,19.156174192881664]},"id":"1_1_2_633","properties":{"Class":1}},{"type":"Feature","geometry":{"type":"Point","coordinates":[72.93447337888287,19.1644439457279]},"id":"1_1_2_634","properties":{"Class":1}},{"type":"Feature","geometry":{"type":"Point","coordinates":[72.92760692380475,19.149849984441122]},"id":"1_1_2_635","properties":{"Class":1}},{"type":"Feature","geometry":{"type":"Point","coordinates":[72.92554698728131,19.143039027329323]},"id":"1_1_2_636","properties":{"Class":1}},{"type":"Feature","geometry":{"type":"Point","coordinates":[72.93893657468365,19.13201116757934]},"id":"1_1_2_637","properties":{"Class":1}},{"type":"Feature","geometry":{"type":"Point","coordinates":[72.93138347409771,19.117576532703843]},"id":"1_1_2_638","properties":{"Class":1}},{"type":"Feature","geometry":{"type":"Point","coordinates":[72.92331538938092,19.120495998783525]},"id":"1_1_2_639","properties":{"Class":1}},{"type":"Feature","geometry":{"type":"Point","coordinates":[72.91592519943569,19.109774500730058]},"id":"1_1_2_640","properties":{"Class":1}},{"type":"Feature","geometry":{"type":"Point","coordinates":[72.91420858566616,19.10393513837185]},"id":"1_1_2_641","properties":{"Class":1}},{"type":"Feature","geometry":{"type":"Point","coordinates":[72.9100887126193,19.09679786000492]},"id":"1_1_2_642","properties":{"Class":1}},{"type":"Feature","geometry":{"type":"Point","coordinates":[72.89309423630093,19.10198863844234]},"id":"1_1_2_643","properties":{"Class":1}},{"type":"Feature","geometry":{"type":"Point","coordinates":[72.89309423630093,19.107503662088412]},"id":"1_1_2_644","properties":{"Class":1}},{"type":"Feature","geometry":{"type":"Point","coordinates":[72.89738577072475,19.09582457092039]},"id":"1_1_2_645","properties":{"Class":1}},{"type":"Feature","geometry":{"type":"Point","coordinates":[72.88897436325405,19.09858220845956]},"id":"1_1_2_646","properties":{"Class":1}},{"type":"Feature","geometry":{"type":"Point","coordinates":[72.84266407967955,19.070224229362893]},"id":"1_1_2_647","properties":{"Class":1}},{"type":"Feature","geometry":{"type":"Point","coordinates":[72.89519246102721,19.066979389589743]},"id":"1_1_2_648","properties":{"Class":1}},{"type":"Feature","geometry":{"type":"Point","coordinates":[72.90858204842955,19.053999395417225]},"id":"1_1_2_649","properties":{"Class":1}},{"type":"Feature","geometry":{"type":"Point","coordinates":[72.89090092660338,19.047346754708478]},"id":"1_1_2_650","properties":{"Class":1}},{"type":"Feature","geometry":{"type":"Point","coordinates":[72.85794194222838,19.043261157565578]},"id":"1_1_2_651","properties":{"Class":1}},{"type":"Feature","geometry":{"type":"Point","coordinates":[72.8644650745526,19.04683098826009]},"id":"1_1_2_652","properties":{"Class":1}},{"type":"Feature","geometry":{"type":"Point","coordinates":[72.8589719104901,19.04017806018074]},"id":"1_1_2_653","properties":{"Class":1}},{"type":"Feature","geometry":{"type":"Point","coordinates":[72.84935887338072,19.03969125009639]},"id":"1_1_2_654","properties":{"Class":1}},{"type":"Feature","geometry":{"type":"Point","coordinates":[72.84781392098814,19.04472155212997]},"id":"1_1_2_655","properties":{"Class":1}},{"type":"Feature","geometry":{"type":"Point","coordinates":[72.85296376229674,19.03920443858463]},"id":"1_1_2_656","properties":{"Class":1}},{"type":"Feature","geometry":{"type":"Point","coordinates":[72.84369404794127,19.018757066557466]},"id":"1_1_2_657","properties":{"Class":1}},{"type":"Feature","geometry":{"type":"Point","coordinates":[72.7977191318549,18.951331263250236]},"id":"1_1_2_658","properties":{"Class":1}},{"type":"Feature","geometry":{"type":"Point","coordinates":[72.83136476173772,18.945161604690078]},"id":"1_1_2_659","properties":{"Class":1}},{"type":"Feature","geometry":{"type":"Point","coordinates":[72.82363999977483,18.94727230302242]},"id":"1_1_2_660","properties":{"Class":1}},{"type":"Feature","geometry":{"type":"Point","coordinates":[72.81831849708928,18.955552477149446]},"id":"1_1_2_661","properties":{"Class":1}},{"type":"Feature","geometry":{"type":"Point","coordinates":[72.82398332252873,18.96837781781802]},"id":"1_1_2_662","properties":{"Class":1}},{"type":"Feature","geometry":{"type":"Point","coordinates":[72.82793153419865,18.96285817185815]},"id":"1_1_2_663","properties":{"Class":1}},{"type":"Feature","geometry":{"type":"Point","coordinates":[72.83548463478459,18.9722739284636]},"id":"1_1_2_664","properties":{"Class":1}},{"type":"Feature","geometry":{"type":"Point","coordinates":[72.84011949196233,18.985584952535334]},"id":"1_1_2_665","properties":{"Class":1}},{"type":"Feature","geometry":{"type":"Point","coordinates":[72.81593001419442,18.903619607836127]},"id":"1_1_2_666","properties":{"Class":1}},{"type":"Feature","geometry":{"type":"Point","coordinates":[72.81421340042489,18.89793541320953]},"id":"1_1_2_667","properties":{"Class":1}},{"type":"Feature","geometry":{"type":"Point","coordinates":[72.806488638462,18.90979080050102]},"id":"1_1_2_668","properties":{"Class":1}},{"type":"Feature","geometry":{"type":"Point","coordinates":[72.81850493484872,18.909628403610874]},"id":"1_1_2_669","properties":{"Class":1}},{"type":"Feature","geometry":{"type":"Point","coordinates":[72.81215346390145,18.892900679603088]},"id":"1_1_2_670","properties":{"Class":1}},{"type":"Feature","geometry":{"type":"Point","coordinates":[72.82725966507333,18.91352588545242]},"id":"1_1_2_671","properties":{"Class":1}},{"type":"Feature","geometry":{"type":"Point","coordinates":[72.82365477615731,18.92554254921476]},"id":"1_1_2_672","properties":{"Class":1}},{"type":"Feature","geometry":{"type":"Point","coordinates":[72.82725966507333,18.930738676766758]},"id":"1_1_2_673","properties":{"Class":1}},{"type":"Feature","geometry":{"type":"Point","coordinates":[72.83824599319833,18.92359395972356]},"id":"1_1_2_674","properties":{"Class":1}},{"type":"Feature","geometry":{"type":"Point","coordinates":[72.83858931595223,18.93479803896539]},"id":"1_1_2_675","properties":{"Class":1}},{"type":"Feature","geometry":{"type":"Point","coordinates":[72.8368727021827,18.942429372788922]},"id":"1_1_2_676","properties":{"Class":1}},{"type":"Feature","geometry":{"type":"Point","coordinates":[72.83807433182137,18.94713789411543]},"id":"1_1_2_677","properties":{"Class":1}},{"type":"Feature","geometry":{"type":"Point","coordinates":[72.83996260696786,18.953956896394697]},"id":"1_1_2_678","properties":{"Class":1}},{"type":"Feature","geometry":{"type":"Point","coordinates":[72.83996260696786,18.95915213964273]},"id":"1_1_2_679","properties":{"Class":1}},{"type":"Feature","geometry":{"type":"Point","coordinates":[72.8449407868995,18.954119250195287]},"id":"1_1_2_680","properties":{"Class":1}},{"type":"Feature","geometry":{"type":"Point","coordinates":[72.84288085037606,18.945514281075198]},"id":"1_1_2_681","properties":{"Class":1}},{"type":"Feature","geometry":{"type":"Point","coordinates":[72.82605803543466,18.948436773175608]},"id":"1_1_2_682","properties":{"Class":1}},{"type":"Feature","geometry":{"type":"Point","coordinates":[72.82949126297372,18.96191204680098]},"id":"1_1_2_683","properties":{"Class":1}},{"type":"Feature","geometry":{"type":"Point","coordinates":[72.82708800369637,18.956392186813694]},"id":"1_1_2_684","properties":{"Class":1}},{"type":"Feature","geometry":{"type":"Point","coordinates":[72.82090819412606,18.965158937919984]},"id":"1_1_2_685","properties":{"Class":1}},{"type":"Feature","geometry":{"type":"Point","coordinates":[72.81181014114755,18.965158937919984]},"id":"1_1_2_686","properties":{"Class":1}},{"type":"Feature","geometry":{"type":"Point","coordinates":[72.81352675491708,18.97002915604089]},"id":"1_1_2_687","properties":{"Class":1}},{"type":"Feature","geometry":{"type":"Point","coordinates":[72.81266844803231,18.96321081083549]},"id":"1_1_2_688","properties":{"Class":1}},{"type":"Feature","geometry":{"type":"Point","coordinates":[72.8068319612159,18.96272377550795]},"id":"1_1_2_689","properties":{"Class":1}},{"type":"Feature","geometry":{"type":"Point","coordinates":[72.79447234207528,18.947462614828172]},"id":"1_1_2_690","properties":{"Class":1}},{"type":"Feature","geometry":{"type":"Point","coordinates":[72.81862627594192,18.951264028763973]},"id":"1_1_2_691","properties":{"Class":1}},{"type":"Feature","geometry":{"type":"Point","coordinates":[72.81381975738724,18.954998186476526]},"id":"1_1_2_692","properties":{"Class":1}},{"type":"Feature","geometry":{"type":"Point","coordinates":[72.83647905914505,18.96522610344899]},"id":"1_1_2_693","properties":{"Class":1}},{"type":"Feature","geometry":{"type":"Point","coordinates":[72.84523378936966,18.966200158063007]},"id":"1_1_2_694","properties":{"Class":1}},{"type":"Feature","geometry":{"type":"Point","coordinates":[72.8447188052388,18.97269371004394]},"id":"1_1_2_695","properties":{"Class":1}},{"type":"Feature","geometry":{"type":"Point","coordinates":[72.84969698517044,18.96749888869584]},"id":"1_1_2_696","properties":{"Class":1}},{"type":"Feature","geometry":{"type":"Point","coordinates":[72.84540545074661,18.960680440011238]},"id":"1_1_2_697","properties":{"Class":1}},{"type":"Feature","geometry":{"type":"Point","coordinates":[72.85639177887161,18.983762177628755]},"id":"1_1_2_698","properties":{"Class":1}},{"type":"Feature","geometry":{"type":"Point","coordinates":[72.85501848785599,18.989930407801214]},"id":"1_1_2_699","properties":{"Class":1}},{"type":"Feature","geometry":{"type":"Point","coordinates":[72.84849535553177,18.986359355022707]},"id":"1_1_2_700","properties":{"Class":1}},{"type":"Feature","geometry":{"type":"Point","coordinates":[72.8472937258931,18.989118811622124]},"id":"1_1_2_701","properties":{"Class":1}},{"type":"Feature","geometry":{"type":"Point","coordinates":[72.8421438845845,18.98424915147526]},"id":"1_1_2_702","properties":{"Class":1}},{"type":"Feature","geometry":{"type":"Point","coordinates":[72.84609209625442,18.980677976870762]},"id":"1_1_2_703","properties":{"Class":1}},{"type":"Feature","geometry":{"type":"Point","coordinates":[72.83871065704544,18.979704006872588]},"id":"1_1_2_704","properties":{"Class":1}},{"type":"Feature","geometry":{"type":"Point","coordinates":[72.82549273102005,18.99155358829063]},"id":"1_1_2_705","properties":{"Class":1}},{"type":"Feature","geometry":{"type":"Point","coordinates":[72.81914126007278,18.99415064415517]},"id":"1_1_2_706","properties":{"Class":1}},{"type":"Feature","geometry":{"type":"Point","coordinates":[72.81502138702591,18.995124529658277]},"id":"1_1_2_707","properties":{"Class":1}},{"type":"Feature","geometry":{"type":"Point","coordinates":[72.83404092205659,18.991334064344997]},"id":"1_1_2_708","properties":{"Class":1}},{"type":"Feature","geometry":{"type":"Point","coordinates":[72.84159402264252,18.997664325374434]},"id":"1_1_2_709","properties":{"Class":1}},{"type":"Feature","geometry":{"type":"Point","coordinates":[72.83850411785737,19.006915812204618]},"id":"1_1_2_710","properties":{"Class":1}},{"type":"Feature","geometry":{"type":"Point","coordinates":[72.83146600140229,19.008376526253077]},"id":"1_1_2_711","properties":{"Class":1}},{"type":"Feature","geometry":{"type":"Point","coordinates":[72.82562951458588,19.01048642389694]},"id":"1_1_2_712","properties":{"Class":1}},{"type":"Feature","geometry":{"type":"Point","coordinates":[72.82459954632417,19.016329077661194]},"id":"1_1_2_713","properties":{"Class":1}},{"type":"Feature","geometry":{"type":"Point","coordinates":[72.8427956522812,19.013894663543198]},"id":"1_1_2_714","properties":{"Class":1}},{"type":"Feature","geometry":{"type":"Point","coordinates":[72.8460572184433,19.019088037233736]},"id":"1_1_2_715","properties":{"Class":1}},{"type":"Feature","geometry":{"type":"Point","coordinates":[72.8570435465683,19.01113561778669]},"id":"1_1_2_716","properties":{"Class":1}},{"type":"Feature","geometry":{"type":"Point","coordinates":[72.85532693279877,19.003507429540218]},"id":"1_1_2_717","properties":{"Class":1}},{"type":"Feature","geometry":{"type":"Point","coordinates":[72.8450272501816,19.0054550853283]},"id":"1_1_2_718","properties":{"Class":1}},{"type":"Feature","geometry":{"type":"Point","coordinates":[72.8644249857773,19.010161826001685]},"id":"1_1_2_719","properties":{"Class":1}},{"type":"Feature","geometry":{"type":"Point","coordinates":[72.86373834026948,19.014706138876498]},"id":"1_1_2_720","properties":{"Class":1}},{"type":"Feature","geometry":{"type":"Point","coordinates":[72.8680298746933,19.02087322196725]},"id":"1_1_2_721","properties":{"Class":1}},{"type":"Feature","geometry":{"type":"Point","coordinates":[72.87558297527924,19.016004491171703]},"id":"1_1_2_722","properties":{"Class":1}},{"type":"Feature","geometry":{"type":"Point","coordinates":[72.89973288784944,19.005087661450723]},"id":"1_1_2_723","properties":{"Class":1}},{"type":"Feature","geometry":{"type":"Point","coordinates":[72.90350943814241,19.010930504892837]},"id":"1_1_2_724","properties":{"Class":1}},{"type":"Feature","geometry":{"type":"Point","coordinates":[72.90299445401155,19.02780867707388]},"id":"1_1_2_725","properties":{"Class":1}},{"type":"Feature","geometry":{"type":"Point","coordinates":[72.8973296285721,19.019045224664367]},"id":"1_1_2_726","properties":{"Class":1}},{"type":"Feature","geometry":{"type":"Point","coordinates":[72.87209540615999,19.032514784827384]},"id":"1_1_2_727","properties":{"Class":1}},{"type":"Feature","geometry":{"type":"Point","coordinates":[72.8698638082596,19.04062845056174]},"id":"1_1_2_728","properties":{"Class":1}},{"type":"Feature","geometry":{"type":"Point","coordinates":[72.85956412564241,19.03576029869398]},"id":"1_1_2_729","properties":{"Class":1}},{"type":"Feature","geometry":{"type":"Point","coordinates":[72.85098105679475,19.037220759240803]},"id":"1_1_2_730","properties":{"Class":1}},{"type":"Feature","geometry":{"type":"Point","coordinates":[72.85063773404084,19.032677062027012]},"id":"1_1_2_731","properties":{"Class":1}},{"type":"Feature","geometry":{"type":"Point","coordinates":[72.84256964932405,19.03835666411886]},"id":"1_1_2_732","properties":{"Class":1}},{"type":"Feature","geometry":{"type":"Point","coordinates":[72.85286933194124,19.032514784827384]},"id":"1_1_2_733","properties":{"Class":1}},{"type":"Feature","geometry":{"type":"Point","coordinates":[72.87158042202914,19.025861283144813]},"id":"1_1_2_734","properties":{"Class":1}},{"type":"Feature","geometry":{"type":"Point","coordinates":[72.86591559658967,19.02829552198962]},"id":"1_1_2_735","properties":{"Class":1}},{"type":"Feature","geometry":{"type":"Point","coordinates":[72.86831885586702,19.036409393856125]},"id":"1_1_2_736","properties":{"Class":1}},{"type":"Feature","geometry":{"type":"Point","coordinates":[72.84111461165287,19.054641025481693]},"id":"1_1_2_737","properties":{"Class":1}},{"type":"Feature","geometry":{"type":"Point","coordinates":[72.84386119368412,19.065998532006294]},"id":"1_1_2_738","properties":{"Class":1}},{"type":"Feature","geometry":{"type":"Point","coordinates":[72.8867765379224,19.060482125989907]},"id":"1_1_2_739","properties":{"Class":1}},{"type":"Feature","geometry":{"type":"Point","coordinates":[72.89467296126224,19.042633673008158]},"id":"1_1_2_740","properties":{"Class":1}},{"type":"Feature","geometry":{"type":"Point","coordinates":[72.88763484480717,19.039063752045386]},"id":"1_1_2_741","properties":{"Class":1}},{"type":"Feature","geometry":{"type":"Point","coordinates":[72.90222606184818,19.024945585465183]},"id":"1_1_2_742","properties":{"Class":1}},{"type":"Feature","geometry":{"type":"Point","coordinates":[72.89175471785404,19.019103234547796]},"id":"1_1_2_743","properties":{"Class":1}},{"type":"Feature","geometry":{"type":"Point","coordinates":[72.89038142683842,19.010826219229273]},"id":"1_1_2_744","properties":{"Class":1}},{"type":"Feature","geometry":{"type":"Point","coordinates":[72.91321238997318,19.04036191400474]},"id":"1_1_2_745","properties":{"Class":1}},{"type":"Feature","geometry":{"type":"Point","coordinates":[72.90823421004154,19.03792785200463]},"id":"1_1_2_746","properties":{"Class":1}},{"type":"Feature","geometry":{"type":"Point","coordinates":[72.8977628660474,19.05269394626907]},"id":"1_1_2_747","properties":{"Class":1}},{"type":"Feature","geometry":{"type":"Point","coordinates":[72.86652049544193,19.058048359111062]},"id":"1_1_2_748","properties":{"Class":1}},{"type":"Feature","geometry":{"type":"Point","coordinates":[72.86909541609623,19.071352515249426]},"id":"1_1_2_749","properties":{"Class":1}},{"type":"Feature","geometry":{"type":"Point","coordinates":[72.87853679182865,19.0754084480159]},"id":"1_1_2_750","properties":{"Class":1}},{"type":"Feature","geometry":{"type":"Point","coordinates":[72.88746318343021,19.075732918348443]},"id":"1_1_2_751","properties":{"Class":1}},{"type":"Feature","geometry":{"type":"Point","coordinates":[72.89793452742435,19.076868559508334]},"id":"1_1_2_752","properties":{"Class":1}},{"type":"Feature","geometry":{"type":"Point","coordinates":[72.89278468611577,19.092199767876448]},"id":"1_1_2_753","properties":{"Class":1}},{"type":"Feature","geometry":{"type":"Point","coordinates":[72.84901103499271,19.112638084082025]},"id":"1_1_2_754","properties":{"Class":1}},{"type":"Feature","geometry":{"type":"Point","coordinates":[72.85364589217045,19.11312467987866]},"id":"1_1_2_755","properties":{"Class":1}},{"type":"Feature","geometry":{"type":"Point","coordinates":[72.85879573347904,19.124478175187118]},"id":"1_1_2_756","properties":{"Class":1}},{"type":"Feature","geometry":{"type":"Point","coordinates":[72.82532176497318,19.1162064200003]},"id":"1_1_2_757","properties":{"Class":1}},{"type":"Feature","geometry":{"type":"Point","coordinates":[72.825476595408,19.12601841876323]},"id":"1_1_2_758","properties":{"Class":1}},{"type":"Feature","geometry":{"type":"Point","coordinates":[72.83079809809357,19.120990585346018]},"id":"1_1_2_759","properties":{"Class":1}},{"type":"Feature","geometry":{"type":"Point","coordinates":[72.83766455317168,19.117908934415976]},"id":"1_1_2_760","properties":{"Class":1}},{"type":"Feature","geometry":{"type":"Point","coordinates":[72.83217138910918,19.115476011518588]},"id":"1_1_2_761","properties":{"Class":1}},{"type":"Feature","geometry":{"type":"Point","coordinates":[72.8383511986795,19.114502832333923]},"id":"1_1_2_762","properties":{"Class":1}},{"type":"Feature","geometry":{"type":"Point","coordinates":[72.84041113520293,19.12455874095071]},"id":"1_1_2_763","properties":{"Class":1}},{"type":"Feature","geometry":{"type":"Point","coordinates":[72.84607596064238,19.123747803260617]},"id":"1_1_2_764","properties":{"Class":1}},{"type":"Feature","geometry":{"type":"Point","coordinates":[72.84590429926543,19.11807112800263]},"id":"1_1_2_765","properties":{"Class":1}},{"type":"Feature","geometry":{"type":"Point","coordinates":[72.85946554804472,19.134938391822562]},"id":"1_1_2_766","properties":{"Class":1}},{"type":"Feature","geometry":{"type":"Point","coordinates":[72.86598868036894,19.130883918329427]},"id":"1_1_2_767","properties":{"Class":1}},{"type":"Feature","geometry":{"type":"Point","coordinates":[72.86925024653105,19.12650497516833]},"id":"1_1_2_768","properties":{"Class":1}},{"type":"Feature","geometry":{"type":"Point","coordinates":[72.82099536929846,19.12625735018388]},"id":"1_1_2_769","properties":{"Class":1}},{"type":"Feature","geometry":{"type":"Point","coordinates":[72.81927875552893,19.128365747874426]},"id":"1_1_2_770","properties":{"Class":1}},{"type":"Feature","geometry":{"type":"Point","coordinates":[72.82511524234533,19.122851420154205]},"id":"1_1_2_771","properties":{"Class":1}},{"type":"Feature","geometry":{"type":"Point","coordinates":[72.8340416339469,19.14085339777754]},"id":"1_1_2_772","properties":{"Class":1}},{"type":"Feature","geometry":{"type":"Point","coordinates":[72.837303200109,19.14571846025146]},"id":"1_1_2_773","properties":{"Class":1}},{"type":"Feature","geometry":{"type":"Point","coordinates":[72.83867649112463,19.140042540091077]},"id":"1_1_2_774","properties":{"Class":1}},{"type":"Feature","geometry":{"type":"Point","coordinates":[72.8424530414176,19.135501663450565]},"id":"1_1_2_775","properties":{"Class":1}},{"type":"Feature","geometry":{"type":"Point","coordinates":[72.99532450965948,19.06845704015116]},"id":"1_1_2_776","properties":{"Class":1}},{"type":"Feature","geometry":{"type":"Point","coordinates":[72.99961604408331,19.072513043781782]},"id":"1_1_2_777","properties":{"Class":1}},{"type":"Feature","geometry":{"type":"Point","coordinates":[73.01060237220831,19.066023390330642]},"id":"1_1_2_778","properties":{"Class":1}},{"type":"Feature","geometry":{"type":"Point","coordinates":[73.00562419227667,19.073161995150883]},"id":"1_1_2_779","properties":{"Class":1}},{"type":"Feature","geometry":{"type":"Point","coordinates":[73.00116099647589,19.066347879037675]},"id":"1_1_2_780","properties":{"Class":1}},{"type":"Feature","geometry":{"type":"Point","coordinates":[72.99463786415167,19.07689341620228]},"id":"1_1_2_781","properties":{"Class":1}},{"type":"Feature","geometry":{"type":"Point","coordinates":[73.0099157267005,19.088736065425636]},"id":"1_1_2_782","properties":{"Class":1}},{"type":"Feature","geometry":{"type":"Point","coordinates":[73.0128339701087,19.080462522918875]},"id":"1_1_2_783","properties":{"Class":1}},{"type":"Feature","geometry":{"type":"Point","coordinates":[73.00562419227667,19.077866816569102]},"id":"1_1_2_784","properties":{"Class":1}},{"type":"Feature","geometry":{"type":"Point","coordinates":[72.99000300697394,19.069754972112438]},"id":"1_1_2_785","properties":{"Class":1}},{"type":"Feature","geometry":{"type":"Point","coordinates":[72.99515284828253,19.065212165784295]},"id":"1_1_2_786","properties":{"Class":1}},{"type":"Feature","geometry":{"type":"Point","coordinates":[73.00871409706183,19.055314906737063]},"id":"1_1_2_787","properties":{"Class":1}},{"type":"Feature","geometry":{"type":"Point","coordinates":[73.01197566322394,19.050693749487014]},"id":"1_1_2_788","properties":{"Class":1}},{"type":"Feature","geometry":{"type":"Point","coordinates":[73.01364492256957,19.125942938374315]},"id":"1_1_2_789","properties":{"Class":1}},{"type":"Feature","geometry":{"type":"Point","coordinates":[73.01330159981566,19.13356549422856]},"id":"1_1_2_790","properties":{"Class":1}},{"type":"Feature","geometry":{"type":"Point","coordinates":[73.00763677437621,19.13388985050445]},"id":"1_1_2_791","properties":{"Class":1}},{"type":"Feature","geometry":{"type":"Point","coordinates":[73.00815175850707,19.13048407783614]},"id":"1_1_2_792","properties":{"Class":1}},{"type":"Feature","geometry":{"type":"Point","coordinates":[72.9487937332976,19.189700242594125]},"id":"1_1_2_793","properties":{"Class":1}},{"type":"Feature","geometry":{"type":"Point","coordinates":[72.95634683388354,19.20234535814402]},"id":"1_1_2_794","properties":{"Class":1}},{"type":"Feature","geometry":{"type":"Point","coordinates":[72.9542868973601,19.186619874994236]},"id":"1_1_2_795","properties":{"Class":1}},{"type":"Feature","geometry":{"type":"Point","coordinates":[72.94862207192065,19.180458966916262]},"id":"1_1_2_796","properties":{"Class":1}},{"type":"Feature","geometry":{"type":"Point","coordinates":[72.94896539467456,19.176405612234312]},"id":"1_1_2_797","properties":{"Class":1}},{"type":"Feature","geometry":{"type":"Point","coordinates":[72.9429572464812,19.181918150184995]},"id":"1_1_2_798","properties":{"Class":1}},{"type":"Feature","geometry":{"type":"Point","coordinates":[72.94862207192065,19.166839299816537]},"id":"1_1_2_799","properties":{"Class":1}},{"type":"Feature","geometry":{"type":"Point","coordinates":[72.93300088661792,19.161164106333697]},"id":"1_1_2_800","properties":{"Class":1}},{"type":"Feature","geometry":{"type":"Point","coordinates":[72.93797906654956,19.175270655051392]},"id":"1_1_2_801","properties":{"Class":1}},{"type":"Feature","geometry":{"type":"Point","coordinates":[72.93179925697925,19.15532656068003]},"id":"1_1_2_802","properties":{"Class":1}},{"type":"Feature","geometry":{"type":"Point","coordinates":[72.93128427284839,19.13521787791068]},"id":"1_1_2_803","properties":{"Class":1}},{"type":"Feature","geometry":{"type":"Point","coordinates":[72.87955282700388,19.171252489193858]},"id":"1_1_2_804","properties":{"Class":1}},{"type":"Feature","geometry":{"type":"Point","coordinates":[72.87646292221872,19.177251606336362]},"id":"1_1_2_805","properties":{"Class":1}},{"type":"Feature","geometry":{"type":"Point","coordinates":[72.83241133567904,19.201123050105075]},"id":"1_1_2_806","properties":{"Class":1}},{"type":"Feature","geometry":{"type":"Point","coordinates":[72.82897810813998,19.204689471959423]},"id":"1_1_2_807","properties":{"Class":1}},{"type":"Feature","geometry":{"type":"Point","coordinates":[72.84219603416537,19.21247048758623]},"id":"1_1_2_808","properties":{"Class":1}},{"type":"Feature","geometry":{"type":"Point","coordinates":[72.84579422369282,19.289173954731282]},"id":"1_1_2_809","properties":{"Class":1}},{"type":"Feature","geometry":{"type":"Point","coordinates":[72.85369064703266,19.29792306487501]},"id":"1_1_2_810","properties":{"Class":1}},{"type":"Feature","geometry":{"type":"Point","coordinates":[72.87755157842915,19.291280264729977]},"id":"1_1_2_811","properties":{"Class":1}},{"type":"Feature","geometry":{"type":"Point","coordinates":[72.9228525292027,19.115954995267494]},"id":"1_1_2_812","properties":{"Class":1}},{"type":"Feature","geometry":{"type":"Point","coordinates":[72.92954732290387,19.115468407801078]},"id":"1_1_2_813","properties":{"Class":1}},{"type":"Feature","geometry":{"type":"Point","coordinates":[72.92353917471053,19.107520609800673]},"id":"1_1_2_814","properties":{"Class":1}},{"type":"Feature","geometry":{"type":"Point","coordinates":[72.91856099477887,19.11692816590356]},"id":"1_1_2_815","properties":{"Class":1}},{"type":"Feature","geometry":{"type":"Point","coordinates":[72.92165089956403,19.12990322682741]},"id":"1_1_2_816","properties":{"Class":1}},{"type":"Feature","geometry":{"type":"Point","coordinates":[72.9063730370152,19.113359845563632]},"id":"1_1_2_817","properties":{"Class":1}},{"type":"Feature","geometry":{"type":"Point","coordinates":[72.8983049522984,19.107358405864037]},"id":"1_1_2_818","properties":{"Class":1}},{"type":"Feature","geometry":{"type":"Point","coordinates":[72.88611699453473,19.094543792278813]},"id":"1_1_2_819","properties":{"Class":1}},{"type":"Feature","geometry":{"type":"Point","coordinates":[72.89058019033551,19.122604880419185]},"id":"1_1_2_820","properties":{"Class":1}},{"type":"Feature","geometry":{"type":"Point","coordinates":[72.89950658193708,19.091137209049286]},"id":"1_1_2_821","properties":{"Class":1}},{"type":"Feature","geometry":{"type":"Point","coordinates":[72.9170160423863,19.0990857941843]},"id":"1_1_2_822","properties":{"Class":1}},{"type":"Feature","geometry":{"type":"Point","coordinates":[72.9283456932652,19.10200558671963]},"id":"1_1_2_823","properties":{"Class":1}},{"type":"Feature","geometry":{"type":"Point","coordinates":[72.93040562978864,19.11303544898641]},"id":"1_1_2_824","properties":{"Class":1}},{"type":"Feature","geometry":{"type":"Point","coordinates":[72.936413777982,19.126659557115655]},"id":"1_1_2_825","properties":{"Class":1}},{"type":"Feature","geometry":{"type":"Point","coordinates":[72.93607045522809,19.14190425086384]},"id":"1_1_2_826","properties":{"Class":1}},{"type":"Feature","geometry":{"type":"Point","coordinates":[72.9477434288609,19.157066592535166]},"id":"1_1_2_827","properties":{"Class":1}},{"type":"Feature","geometry":{"type":"Point","coordinates":[72.95117665639997,19.165336300627253]},"id":"1_1_2_828","properties":{"Class":1}},{"type":"Feature","geometry":{"type":"Point","coordinates":[72.96845577968024,19.18370304574041]},"id":"1_1_2_829","properties":{"Class":1}},{"type":"Feature","geometry":{"type":"Point","coordinates":[72.96965740931891,19.190350200527522]},"id":"1_1_2_830","properties":{"Class":1}},{"type":"Feature","geometry":{"type":"Point","coordinates":[72.96296261561774,19.201049934675737]},"id":"1_1_2_831","properties":{"Class":1}},{"type":"Feature","geometry":{"type":"Point","coordinates":[72.95952938807869,19.195862271662754]},"id":"1_1_2_832","properties":{"Class":1}},{"type":"Feature","geometry":{"type":"Point","coordinates":[72.9727248471083,19.20673054944865]},"id":"1_1_2_833","properties":{"Class":1}},{"type":"Feature","geometry":{"type":"Point","coordinates":[72.97907631805556,19.212566273255643]},"id":"1_1_2_834","properties":{"Class":1}},{"type":"Feature","geometry":{"type":"Point","coordinates":[72.9814795773329,19.224561277226695]},"id":"1_1_2_835","properties":{"Class":1}},{"type":"Feature","geometry":{"type":"Point","coordinates":[72.97341149261611,19.222616200919404]},"id":"1_1_2_836","properties":{"Class":1}},{"type":"Feature","geometry":{"type":"Point","coordinates":[72.96843331268447,19.226830503816043]},"id":"1_1_2_837","properties":{"Class":1}},{"type":"Feature","geometry":{"type":"Point","coordinates":[72.959163598329,19.21483566546916]},"id":"1_1_2_838","properties":{"Class":1}},{"type":"Feature","geometry":{"type":"Point","coordinates":[72.95178215912001,19.206892655684083]},"id":"1_1_2_839","properties":{"Class":1}},{"type":"Feature","geometry":{"type":"Point","coordinates":[72.97996021983033,19.23070678388449]},"id":"1_1_2_840","properties":{"Class":1}},{"type":"Feature","geometry":{"type":"Point","coordinates":[72.97961689707643,19.237838266490026]},"id":"1_1_2_841","properties":{"Class":1}},{"type":"Feature","geometry":{"type":"Point","coordinates":[72.98819996592408,19.23589334740374]},"id":"1_1_2_842","properties":{"Class":1}},{"type":"Feature","geometry":{"type":"Point","coordinates":[72.9918048548401,19.243834955294044]},"id":"1_1_2_843","properties":{"Class":1}},{"type":"Feature","geometry":{"type":"Point","coordinates":[72.9840800928772,19.24480737067286]},"id":"1_1_2_844","properties":{"Class":1}},{"type":"Feature","geometry":{"type":"Point","coordinates":[72.98699833628541,19.254531207530608]},"id":"1_1_2_845","properties":{"Class":1}},{"type":"Feature","geometry":{"type":"Point","coordinates":[72.9756686854065,19.24885903939756]},"id":"1_1_2_846","properties":{"Class":1}},{"type":"Feature","geometry":{"type":"Point","coordinates":[72.97481037852174,19.240593529089345]},"id":"1_1_2_847","properties":{"Class":1}},{"type":"Feature","geometry":{"type":"Point","coordinates":[72.9943797754944,19.230220535156803]},"id":"1_1_2_848","properties":{"Class":1}},{"type":"Feature","geometry":{"type":"Point","coordinates":[72.9943797754944,19.237838266490023]},"id":"1_1_2_849","properties":{"Class":1}},{"type":"Feature","geometry":{"type":"Point","coordinates":[72.88509720731267,19.27158347215118]},"id":"1_1_2_850","properties":{"Class":1}},{"type":"Feature","geometry":{"type":"Point","coordinates":[72.87823075223454,19.265425749446774]},"id":"1_1_2_851","properties":{"Class":1}},{"type":"Feature","geometry":{"type":"Point","coordinates":[72.85282486844548,19.283898223366364]},"id":"1_1_2_852","properties":{"Class":1}},{"type":"Feature","geometry":{"type":"Point","coordinates":[72.84201020169743,19.288272977872793]},"id":"1_1_2_853","properties":{"Class":1}},{"type":"Feature","geometry":{"type":"Point","coordinates":[72.92862641071808,19.07269364139437]},"id":"1_2_0","properties":{"Class":3}},{"type":"Feature","geometry":{"type":"Point","coordinates":[72.93154465412628,19.069448849966488]},"id":"1_2_1","properties":{"Class":3}},{"type":"Feature","geometry":{"type":"Point","coordinates":[72.93360459064972,19.06620399501447]},"id":"1_2_2","properties":{"Class":3}},{"type":"Feature","geometry":{"type":"Point","coordinates":[72.93308960651886,19.064028161976232]},"id":"1_2_3","properties":{"Class":3}},{"type":"Feature","geometry":{"type":"Point","coordinates":[72.92725311970246,19.07214028673264]},"id":"1_2_4","properties":{"Class":3}},{"type":"Feature","geometry":{"type":"Point","coordinates":[72.92879807209503,19.069382208859906]},"id":"1_2_5","properties":{"Class":3}},{"type":"Feature","geometry":{"type":"Point","coordinates":[72.92364823078644,19.069382208859906]},"id":"1_2_6","properties":{"Class":3}},{"type":"Feature","geometry":{"type":"Point","coordinates":[72.92090164875519,19.065001637907724]},"id":"1_2_7","properties":{"Class":3}},{"type":"Feature","geometry":{"type":"Point","coordinates":[72.92570816730988,19.063865915431933]},"id":"1_2_8","properties":{"Class":3}},{"type":"Feature","geometry":{"type":"Point","coordinates":[72.9293130562259,19.06662408509113]},"id":"1_2_9","properties":{"Class":3}},{"type":"Feature","geometry":{"type":"Point","coordinates":[72.92690979694855,19.062081192966076]},"id":"1_2_10","properties":{"Class":3}},{"type":"Feature","geometry":{"type":"Point","coordinates":[72.93497788166535,19.061269949131198]},"id":"1_2_11","properties":{"Class":3}},{"type":"Feature","geometry":{"type":"Point","coordinates":[72.87597720287538,19.09627508973538]},"id":"1_2_12","properties":{"Class":3}},{"type":"Feature","geometry":{"type":"Point","coordinates":[72.8718573298285,19.094652932957253]},"id":"1_2_13","properties":{"Class":3}},{"type":"Feature","geometry":{"type":"Point","coordinates":[72.86962573192811,19.09416628282349]},"id":"1_2_14","properties":{"Class":3}},{"type":"Feature","geometry":{"type":"Point","coordinates":[72.87426058910584,19.09205744904318]},"id":"1_2_15","properties":{"Class":3}},{"type":"Feature","geometry":{"type":"Point","coordinates":[72.85932604931092,19.090597471457095]},"id":"1_2_16","properties":{"Class":3}},{"type":"Feature","geometry":{"type":"Point","coordinates":[72.8528029169867,19.089299702793532]},"id":"1_2_17","properties":{"Class":3}},{"type":"Feature","geometry":{"type":"Point","coordinates":[72.87305895946717,19.08637968610698]},"id":"1_2_18","properties":{"Class":3}},{"type":"Feature","geometry":{"type":"Point","coordinates":[72.87460391185975,19.081675106470843]},"id":"1_2_19","properties":{"Class":3}},{"type":"Feature","geometry":{"type":"Point","coordinates":[72.91062105629882,19.205526517775912]},"id":"1_2_20","properties":{"Class":3}},{"type":"Feature","geometry":{"type":"Point","coordinates":[72.91062105629882,19.212172791059928]},"id":"1_2_21","properties":{"Class":3}},{"type":"Feature","geometry":{"type":"Point","coordinates":[72.90753115151367,19.207471796296538]},"id":"1_2_22","properties":{"Class":3}},{"type":"Feature","geometry":{"type":"Point","coordinates":[72.9089044425293,19.1998526573544]},"id":"1_2_23","properties":{"Class":3}},{"type":"Feature","geometry":{"type":"Point","coordinates":[72.90787447426757,19.19271952664944]},"id":"1_2_24","properties":{"Class":3}},{"type":"Feature","geometry":{"type":"Point","coordinates":[72.9121660086914,19.18445119287968]},"id":"1_2_25","properties":{"Class":3}},{"type":"Feature","geometry":{"type":"Point","coordinates":[72.91199434731445,19.178128069265895]},"id":"1_2_26","properties":{"Class":3}},{"type":"Feature","geometry":{"type":"Point","coordinates":[72.90306795571288,19.175533897053008]},"id":"1_2_27","properties":{"Class":3}},{"type":"Feature","geometry":{"type":"Point","coordinates":[72.9008363578125,19.167102555286426]},"id":"1_2_28","properties":{"Class":3}},{"type":"Feature","geometry":{"type":"Point","coordinates":[72.92933214638671,19.198555747497117]},"id":"1_2_29","properties":{"Class":3}},{"type":"Feature","geometry":{"type":"Point","coordinates":[72.92332399819335,19.212334891930553]},"id":"1_2_30","properties":{"Class":3}},{"type":"Feature","geometry":{"type":"Point","coordinates":[72.92641390297851,19.22368155566346]},"id":"1_2_31","properties":{"Class":3}},{"type":"Feature","geometry":{"type":"Point","coordinates":[72.9228090140625,19.229678761431177]},"id":"1_2_32","properties":{"Class":3}},{"type":"Feature","geometry":{"type":"Point","coordinates":[72.93362368081054,19.23081334329892]},"id":"1_2_33","properties":{"Class":3}},{"type":"Feature","geometry":{"type":"Point","coordinates":[72.93396700356446,19.238755196903814]},"id":"1_2_34","properties":{"Class":3}},{"type":"Feature","geometry":{"type":"Point","coordinates":[72.94031847451171,19.22481617895098]},"id":"1_2_35","properties":{"Class":3}},{"type":"Feature","geometry":{"type":"Point","coordinates":[72.90842837234314,19.226708900337016]},"id":"1_2_36","properties":{"Class":3}},{"type":"Feature","geometry":{"type":"Point","coordinates":[72.91083163162048,19.236920039620536]},"id":"1_2_37","properties":{"Class":3}},{"type":"Feature","geometry":{"type":"Point","coordinates":[72.94344729324158,19.23983739136703]},"id":"1_2_38","properties":{"Class":3}},{"type":"Feature","geometry":{"type":"Point","coordinates":[72.94911211868103,19.239675317630024]},"id":"1_2_39","properties":{"Class":3}},{"type":"Feature","geometry":{"type":"Point","coordinates":[72.94722384353454,19.233354317091013]},"id":"1_2_40","properties":{"Class":3}},{"type":"Feature","geometry":{"type":"Point","coordinates":[72.95426195998962,19.25069596718513]},"id":"1_2_41","properties":{"Class":3}},{"type":"Feature","geometry":{"type":"Point","coordinates":[72.90835473664376,19.269989795689686]},"id":"1_2_42","properties":{"Class":3}},{"type":"Feature","geometry":{"type":"Point","coordinates":[72.94526193268868,19.274689000425294]},"id":"1_2_43","properties":{"Class":3}},{"type":"Feature","geometry":{"type":"Point","coordinates":[72.96362970002266,19.28781365135156]},"id":"1_2_44","properties":{"Class":3}},{"type":"Feature","geometry":{"type":"Point","coordinates":[72.96980950959298,19.28635540874569]},"id":"1_2_45","properties":{"Class":3}},{"type":"Feature","geometry":{"type":"Point","coordinates":[72.97461602814766,19.283762945379465]},"id":"1_2_46","properties":{"Class":3}},{"type":"Feature","geometry":{"type":"Point","coordinates":[72.98045251496407,19.279874173378506]},"id":"1_2_47","properties":{"Class":3}},{"type":"Feature","geometry":{"type":"Point","coordinates":[72.98491571076485,19.27728160741691]},"id":"1_2_48","properties":{"Class":3}},{"type":"Feature","geometry":{"type":"Point","coordinates":[72.98113916047188,19.2738788023268]},"id":"1_2_49","properties":{"Class":3}},{"type":"Feature","geometry":{"type":"Point","coordinates":[72.98680398591134,19.274202882046964]},"id":"1_2_50","properties":{"Class":3}},{"type":"Feature","geometry":{"type":"Point","coordinates":[72.98215089666398,19.27906400092331]},"id":"1_2_51","properties":{"Class":3}},{"type":"Feature","geometry":{"type":"Point","coordinates":[72.98215089666398,19.27906400092331]},"id":"1_2_52","properties":{"Class":3}},{"type":"Feature","geometry":{"type":"Point","coordinates":[72.97648607122453,19.27922603573492]},"id":"1_2_53","properties":{"Class":3}},{"type":"Feature","geometry":{"type":"Point","coordinates":[72.9773443781093,19.284249035386985]},"id":"1_2_54","properties":{"Class":3}},{"type":"Feature","geometry":{"type":"Point","coordinates":[72.96755967962297,19.283600915056326]},"id":"1_2_55","properties":{"Class":3}},{"type":"Feature","geometry":{"type":"Point","coordinates":[72.96412645208392,19.283600915056326]},"id":"1_2_56","properties":{"Class":3}},{"type":"Feature","geometry":{"type":"Point","coordinates":[72.9612082086757,19.28894783106561]},"id":"1_2_57","properties":{"Class":3}},{"type":"Feature","geometry":{"type":"Point","coordinates":[72.95846162664445,19.2908921208661]},"id":"1_2_58","properties":{"Class":3}},{"type":"Feature","geometry":{"type":"Point","coordinates":[72.96446977483781,19.29267436622993]},"id":"1_2_59","properties":{"Class":3}},{"type":"Feature","geometry":{"type":"Point","coordinates":[72.96738801824601,19.29008200292223]},"id":"1_2_60","properties":{"Class":3}},{"type":"Feature","geometry":{"type":"Point","coordinates":[72.95983491766007,19.287165545130144]},"id":"1_2_61","properties":{"Class":3}},{"type":"Feature","geometry":{"type":"Point","coordinates":[72.81016416026071,19.274472734616793]},"id":"1_2_62","properties":{"Class":3}},{"type":"Feature","geometry":{"type":"Point","coordinates":[72.80793256236032,19.280306050349722]},"id":"1_2_63","properties":{"Class":3}},{"type":"Feature","geometry":{"type":"Point","coordinates":[72.80458829112203,19.288641720920076]},"id":"1_2_64","properties":{"Class":3}},{"type":"Feature","geometry":{"type":"Point","coordinates":[72.8032150001064,19.298362957152673]},"id":"1_2_65","properties":{"Class":3}},{"type":"Feature","geometry":{"type":"Point","coordinates":[72.79806515879781,19.29690480852849]},"id":"1_2_66","properties":{"Class":3}},{"type":"Feature","geometry":{"type":"Point","coordinates":[72.7948035926357,19.298362957152673]},"id":"1_2_67","properties":{"Class":3}},{"type":"Feature","geometry":{"type":"Point","coordinates":[72.79171368785055,19.296742791212626]},"id":"1_2_68","properties":{"Class":3}},{"type":"Feature","geometry":{"type":"Point","coordinates":[72.79600522227437,19.2926923061856]},"id":"1_2_69","properties":{"Class":3}},{"type":"Feature","geometry":{"type":"Point","coordinates":[72.80098340220601,19.29447453194793]},"id":"1_2_70","properties":{"Class":3}},{"type":"Feature","geometry":{"type":"Point","coordinates":[72.80355832286031,19.28572523747121]},"id":"1_2_71","properties":{"Class":3}},{"type":"Feature","geometry":{"type":"Point","coordinates":[72.80372998423726,19.279892114736693]},"id":"1_2_72","properties":{"Class":3}},{"type":"Feature","geometry":{"type":"Point","coordinates":[72.80716321177633,19.27729954905904]},"id":"1_2_73","properties":{"Class":3}},{"type":"Feature","geometry":{"type":"Point","coordinates":[72.80493161387594,19.271952252772948]},"id":"1_2_74","properties":{"Class":3}},{"type":"Feature","geometry":{"type":"Point","coordinates":[72.80990979380758,19.273086542325586]},"id":"1_2_75","properties":{"Class":3}},{"type":"Feature","geometry":{"type":"Point","coordinates":[72.80767819590719,19.269845694201944]},"id":"1_2_76","properties":{"Class":3}},{"type":"Feature","geometry":{"type":"Point","coordinates":[72.80681988902244,19.264822252958705]},"id":"1_2_77","properties":{"Class":3}},{"type":"Feature","geometry":{"type":"Point","coordinates":[72.80613324351461,19.26271560275124]},"id":"1_2_78","properties":{"Class":3}},{"type":"Feature","geometry":{"type":"Point","coordinates":[72.80475995249898,19.26044687225554]},"id":"1_2_79","properties":{"Class":3}},{"type":"Feature","geometry":{"type":"Point","coordinates":[72.81351468272359,19.270979998335743]},"id":"1_2_80","properties":{"Class":3}},{"type":"Feature","geometry":{"type":"Point","coordinates":[72.81883618540914,19.292206241245978]},"id":"1_2_81","properties":{"Class":3}},{"type":"Feature","geometry":{"type":"Point","coordinates":[72.82570264048726,19.294150492343725]},"id":"1_2_82","properties":{"Class":3}},{"type":"Feature","geometry":{"type":"Point","coordinates":[72.82759091563375,19.29382645209797]},"id":"1_2_83","properties":{"Class":3}},{"type":"Feature","geometry":{"type":"Point","coordinates":[72.82123944468648,19.285239151845737]},"id":"1_2_84","properties":{"Class":3}},{"type":"Feature","geometry":{"type":"Point","coordinates":[72.82724759287984,19.288479695424762]},"id":"1_2_85","properties":{"Class":3}},{"type":"Feature","geometry":{"type":"Point","coordinates":[72.83274075694234,19.28928982129785]},"id":"1_2_86","properties":{"Class":3}},{"type":"Feature","geometry":{"type":"Point","coordinates":[72.83085248179586,19.28442900593005]},"id":"1_2_87","properties":{"Class":3}},{"type":"Feature","geometry":{"type":"Point","coordinates":[72.8277625770107,19.28442900593005]},"id":"1_2_88","properties":{"Class":3}},{"type":"Feature","geometry":{"type":"Point","coordinates":[72.82810589976461,19.27973008058398]},"id":"1_2_89","properties":{"Class":3}},{"type":"Feature","geometry":{"type":"Point","coordinates":[72.82879254527242,19.274868981472558]},"id":"1_2_90","properties":{"Class":3}},{"type":"Feature","geometry":{"type":"Point","coordinates":[72.82930752940328,19.279892114736693]},"id":"1_2_91","properties":{"Class":3}},{"type":"Feature","geometry":{"type":"Point","coordinates":[72.8332557410732,19.281512447447593]},"id":"1_2_92","properties":{"Class":3}},{"type":"Feature","geometry":{"type":"Point","coordinates":[72.83359906382711,19.28442900593005]},"id":"1_2_93","properties":{"Class":3}},{"type":"Feature","geometry":{"type":"Point","coordinates":[72.82123944468648,19.28750753908542]},"id":"1_2_94","properties":{"Class":3}},{"type":"Feature","geometry":{"type":"Point","coordinates":[72.82398602671773,19.28977589489744]},"id":"1_2_95","properties":{"Class":3}},{"type":"Feature","geometry":{"type":"Point","coordinates":[72.82415768809469,19.285239151845733]},"id":"1_2_96","properties":{"Class":3}},{"type":"Feature","geometry":{"type":"Point","coordinates":[72.8306808204189,19.291558152414535]},"id":"1_2_97","properties":{"Class":3}},{"type":"Feature","geometry":{"type":"Point","coordinates":[72.82278439707906,19.293988472301038]},"id":"1_2_98","properties":{"Class":3}},{"type":"Feature","geometry":{"type":"Point","coordinates":[72.81523129649312,19.290099943162023]},"id":"1_2_99","properties":{"Class":3}},{"type":"Feature","geometry":{"type":"Point","coordinates":[72.79102704234275,19.264822252958705]},"id":"1_2_100","properties":{"Class":3}},{"type":"Feature","geometry":{"type":"Point","coordinates":[72.79394528575094,19.25996071163669]},"id":"1_2_101","properties":{"Class":3}},{"type":"Feature","geometry":{"type":"Point","coordinates":[72.78663314639897,19.262277764442874]},"id":"1_2_102","properties":{"Class":3}},{"type":"Feature","geometry":{"type":"Point","coordinates":[72.78920806705327,19.260171081540935]},"id":"1_2_103","properties":{"Class":3}},{"type":"Feature","geometry":{"type":"Point","coordinates":[72.79882110416264,19.258874647840553]},"id":"1_2_104","properties":{"Class":3}},{"type":"Feature","geometry":{"type":"Point","coordinates":[72.78989471256108,19.253850870449682]},"id":"1_2_105","properties":{"Class":3}},{"type":"Feature","geometry":{"type":"Point","coordinates":[72.79830612003178,19.253526750495343]},"id":"1_2_106","properties":{"Class":3}},{"type":"Feature","geometry":{"type":"Point","coordinates":[72.78766311466069,19.249475197033096]},"id":"1_2_107","properties":{"Class":3}},{"type":"Feature","geometry":{"type":"Point","coordinates":[72.79727615177006,19.24753041583277]},"id":"1_2_108","properties":{"Class":3}},{"type":"Feature","geometry":{"type":"Point","coordinates":[72.78508819400639,19.24623388222726]},"id":"1_2_109","properties":{"Class":3}},{"type":"Feature","geometry":{"type":"Point","coordinates":[72.79538787662358,19.244775269676865]},"id":"1_2_110","properties":{"Class":3}},{"type":"Feature","geometry":{"type":"Point","coordinates":[72.78783477603764,19.24509940691952]},"id":"1_2_111","properties":{"Class":3}},{"type":"Feature","geometry":{"type":"Point","coordinates":[72.78525985538334,19.237319936424363]},"id":"1_2_112","properties":{"Class":3}},{"type":"Feature","geometry":{"type":"Point","coordinates":[72.78934767025953,19.243357646381003]},"id":"1_2_113","properties":{"Class":3}},{"type":"Feature","geometry":{"type":"Point","coordinates":[72.78866102475172,19.234767702033743]},"id":"1_2_114","properties":{"Class":3}},{"type":"Feature","geometry":{"type":"Point","coordinates":[72.78265287655836,19.23266066591661]},"id":"1_2_115","properties":{"Class":3}},{"type":"Feature","geometry":{"type":"Point","coordinates":[72.7821378924275,19.225691046181844]},"id":"1_2_116","properties":{"Class":3}},{"type":"Feature","geometry":{"type":"Point","coordinates":[72.7821378924275,19.22194460533687]},"id":"1_2_117","properties":{"Class":3}},{"type":"Feature","geometry":{"type":"Point","coordinates":[72.79072096127514,19.215622922505837]},"id":"1_2_118","properties":{"Class":3}},{"type":"Feature","geometry":{"type":"Point","coordinates":[72.78660108822828,19.214001939026616]},"id":"1_2_119","properties":{"Class":3}},{"type":"Feature","geometry":{"type":"Point","coordinates":[72.7934675433064,19.21157043384025]},"id":"1_2_120","properties":{"Class":3}},{"type":"Feature","geometry":{"type":"Point","coordinates":[72.79226591366773,19.209138892696245]},"id":"1_2_121","properties":{"Class":3}},{"type":"Feature","geometry":{"type":"Point","coordinates":[72.78591444272047,19.210922026384225]},"id":"1_2_122","properties":{"Class":3}},{"type":"Feature","geometry":{"type":"Point","coordinates":[72.78814604062086,19.213515640866138]},"id":"1_2_123","properties":{"Class":3}},{"type":"Feature","geometry":{"type":"Point","coordinates":[72.7872877337361,19.206545209180316]},"id":"1_2_124","properties":{"Class":3}},{"type":"Feature","geometry":{"type":"Point","coordinates":[72.78660108822828,19.19795334040838]},"id":"1_2_125","properties":{"Class":3}},{"type":"Feature","geometry":{"type":"Point","coordinates":[72.78969099301344,19.19535948053265]},"id":"1_2_126","properties":{"Class":3}},{"type":"Feature","geometry":{"type":"Point","coordinates":[72.78539945858961,19.19535948053265]},"id":"1_2_127","properties":{"Class":3}},{"type":"Feature","geometry":{"type":"Point","coordinates":[72.79632158701669,19.18227674760115]},"id":"1_2_128","properties":{"Class":3}},{"type":"Feature","geometry":{"type":"Point","coordinates":[72.79632158701669,19.188437587673004]},"id":"1_2_129","properties":{"Class":3}},{"type":"Feature","geometry":{"type":"Point","coordinates":[72.79632158701669,19.180331171272744]},"id":"1_2_130","properties":{"Class":3}},{"type":"Feature","geometry":{"type":"Point","coordinates":[72.790523942286,19.142482532881974]},"id":"1_2_131","properties":{"Class":3}},{"type":"Feature","geometry":{"type":"Point","coordinates":[72.7934421856942,19.138914764479942]},"id":"1_2_132","properties":{"Class":3}},{"type":"Feature","geometry":{"type":"Point","coordinates":[72.79000895815514,19.1390769374437]},"id":"1_2_133","properties":{"Class":3}},{"type":"Feature","geometry":{"type":"Point","coordinates":[72.7901806195321,19.13453603424705]},"id":"1_2_134","properties":{"Class":3}},{"type":"Feature","geometry":{"type":"Point","coordinates":[72.79430049257897,19.134211679240334]},"id":"1_2_135","properties":{"Class":3}},{"type":"Feature","geometry":{"type":"Point","coordinates":[72.8152465565533,19.127180722321377]},"id":"1_2_136","properties":{"Class":3}},{"type":"Feature","geometry":{"type":"Point","coordinates":[72.8174781544537,19.123936999155795]},"id":"1_2_137","properties":{"Class":3}},{"type":"Feature","geometry":{"type":"Point","coordinates":[72.81850812271541,19.121990734690485]},"id":"1_2_138","properties":{"Class":3}},{"type":"Feature","geometry":{"type":"Point","coordinates":[72.81689962484667,19.02257517640745]},"id":"1_2_139","properties":{"Class":3}},{"type":"Feature","geometry":{"type":"Point","coordinates":[72.81689962484667,19.01884253377415]},"id":"1_2_140","properties":{"Class":3}},{"type":"Feature","geometry":{"type":"Point","coordinates":[72.80593930555695,18.97712190255376]},"id":"1_2_141","properties":{"Class":3}},{"type":"Feature","geometry":{"type":"Point","coordinates":[72.80525266004913,18.974849248526564]},"id":"1_2_142","properties":{"Class":3}},{"type":"Feature","geometry":{"type":"Point","coordinates":[72.81795560194367,18.98280340199463]},"id":"1_2_143","properties":{"Class":3}},{"type":"Feature","geometry":{"type":"Point","coordinates":[72.82104550672882,18.983939678629294]},"id":"1_2_144","properties":{"Class":3}},{"type":"Feature","geometry":{"type":"Point","coordinates":[72.82396375013703,18.983939678629294]},"id":"1_2_145","properties":{"Class":3}},{"type":"Feature","geometry":{"type":"Point","coordinates":[72.82173215223663,18.983128053252692]},"id":"1_2_146","properties":{"Class":3}},{"type":"Feature","geometry":{"type":"Point","coordinates":[72.95279291624033,18.95387302818464]},"id":"1_2_147","properties":{"Class":3}},{"type":"Feature","geometry":{"type":"Point","coordinates":[72.95502451414072,18.95468479601577]},"id":"1_2_148","properties":{"Class":3}},{"type":"Feature","geometry":{"type":"Point","coordinates":[72.953994545879,18.951437700992877]},"id":"1_2_149","properties":{"Class":3}},{"type":"Feature","geometry":{"type":"Point","coordinates":[72.95004633420908,18.946079856059647]},"id":"1_2_150","properties":{"Class":3}},{"type":"Feature","geometry":{"type":"Point","coordinates":[72.94506815427744,18.941371304888374]},"id":"1_2_151","properties":{"Class":3}},{"type":"Feature","geometry":{"type":"Point","coordinates":[72.93940332883798,18.934551788453525]},"id":"1_2_152","properties":{"Class":3}},{"type":"Feature","geometry":{"type":"Point","coordinates":[72.93600027399158,18.933090427272294]},"id":"1_2_153","properties":{"Class":3}},{"type":"Feature","geometry":{"type":"Point","coordinates":[72.94904653864002,18.935363650251507]},"id":"1_2_154","properties":{"Class":3}},{"type":"Feature","geometry":{"type":"Point","coordinates":[72.95213644342518,18.943319686998148]},"id":"1_2_155","properties":{"Class":3}},{"type":"Feature","geometry":{"type":"Point","coordinates":[72.95659963922596,18.948839979477114]},"id":"1_2_156","properties":{"Class":3}},{"type":"Feature","geometry":{"type":"Point","coordinates":[72.81085913019275,18.95452244276553]},"id":"1_2_157","properties":{"Class":3}},{"type":"Feature","geometry":{"type":"Point","coordinates":[73.01084463434314,18.920424761553914]},"id":"1_2_158","properties":{"Class":3}},{"type":"Feature","geometry":{"type":"Point","coordinates":[73.01788275079822,18.92578342960027]},"id":"1_2_159","properties":{"Class":3}},{"type":"Feature","geometry":{"type":"Point","coordinates":[73.01668112115955,18.91896327681453]},"id":"1_2_160","properties":{"Class":3}},{"type":"Feature","geometry":{"type":"Point","coordinates":[73.01015798883535,18.916689830712098]},"id":"1_2_161","properties":{"Class":3}},{"type":"Feature","geometry":{"type":"Point","coordinates":[73.00054495172596,18.915553096067566]},"id":"1_2_162","properties":{"Class":3}},{"type":"Feature","geometry":{"type":"Point","coordinates":[72.99728338556385,18.9095445131419]},"id":"1_2_163","properties":{"Class":3}},{"type":"Feature","geometry":{"type":"Point","coordinates":[72.99367849664783,18.904022922295784]},"id":"1_2_164","properties":{"Class":3}},{"type":"Feature","geometry":{"type":"Point","coordinates":[73.00758306818103,18.91409156874012]},"id":"1_2_165","properties":{"Class":3}},{"type":"Feature","geometry":{"type":"Point","coordinates":[73.00346319513416,18.91701461061956]},"id":"1_2_166","properties":{"Class":3}},{"type":"Feature","geometry":{"type":"Point","coordinates":[73.00414984064197,18.91279242261355]},"id":"1_2_167","properties":{"Class":3}},{"type":"Feature","geometry":{"type":"Point","coordinates":[73.01547949152088,18.915553096067566]},"id":"1_2_168","properties":{"Class":3}},{"type":"Feature","geometry":{"type":"Point","coordinates":[73.01479284601307,18.925783429600266]},"id":"1_2_169","properties":{"Class":3}},{"type":"Feature","geometry":{"type":"Point","coordinates":[73.01479284601307,18.93357754908669]},"id":"1_2_170","properties":{"Class":3}},{"type":"Feature","geometry":{"type":"Point","coordinates":[72.87670596973483,19.01556304268616]},"id":"1_2_171","properties":{"Class":3}},{"type":"Feature","geometry":{"type":"Point","coordinates":[72.8779075993735,19.01556304268616]},"id":"1_2_172","properties":{"Class":3}},{"type":"Feature","geometry":{"type":"Point","coordinates":[72.94725879566256,19.03584853384686]},"id":"1_2_173","properties":{"Class":3}},{"type":"Feature","geometry":{"type":"Point","coordinates":[72.94743045703952,19.043475237691784]},"id":"1_2_174","properties":{"Class":3}},{"type":"Feature","geometry":{"type":"Point","coordinates":[72.94365390674655,19.044935630372624]},"id":"1_2_175","properties":{"Class":3}},{"type":"Feature","geometry":{"type":"Point","coordinates":[72.95120700733248,19.036335355197657]},"id":"1_2_176","properties":{"Class":3}},{"type":"Feature","geometry":{"type":"Point","coordinates":[72.94828876392428,19.030980241850365]},"id":"1_2_177","properties":{"Class":3}},{"type":"Feature","geometry":{"type":"Point","coordinates":[72.9434822453696,19.02968200655216]},"id":"1_2_178","properties":{"Class":3}},{"type":"Feature","geometry":{"type":"Point","coordinates":[73.04424738307806,18.992263850946834]},"id":"1_2_179","properties":{"Class":3}},{"type":"Feature","geometry":{"type":"Point","coordinates":[73.05557703395695,18.991614583420162]},"id":"1_2_180","properties":{"Class":3}},{"type":"Feature","geometry":{"type":"Point","coordinates":[73.04682230373234,18.983336200520384]},"id":"1_2_181","properties":{"Class":3}},{"type":"Feature","geometry":{"type":"Point","coordinates":[73.0415008010468,18.980576648105714]},"id":"1_2_182","properties":{"Class":3}},{"type":"Feature","geometry":{"type":"Point","coordinates":[73.06295847316593,18.98463479760159]},"id":"1_2_183","properties":{"Class":3}},{"type":"Feature","geometry":{"type":"Point","coordinates":[73.07806467433781,18.98690731812886]},"id":"1_2_184","properties":{"Class":3}},{"type":"Feature","geometry":{"type":"Point","coordinates":[73.08304285426945,18.99486089573041]},"id":"1_2_185","properties":{"Class":3}},{"type":"Feature","geometry":{"type":"Point","coordinates":[73.06725000758976,18.99437395291986]},"id":"1_2_186","properties":{"Class":3}},{"type":"Feature","geometry":{"type":"Point","coordinates":[73.07119821925968,18.988205887363538]},"id":"1_2_187","properties":{"Class":3}},{"type":"Feature","geometry":{"type":"Point","coordinates":[73.08905100246281,18.989991403525426]},"id":"1_2_188","properties":{"Class":3}},{"type":"Feature","geometry":{"type":"Point","coordinates":[73.07857965846867,18.997295588414257]},"id":"1_2_189","properties":{"Class":3}},{"type":"Feature","geometry":{"type":"Point","coordinates":[73.0744597854218,18.99632171561461]},"id":"1_2_190","properties":{"Class":3}},{"type":"Feature","geometry":{"type":"Point","coordinates":[73.05180048366398,18.983173875173314]},"id":"1_2_191","properties":{"Class":3}},{"type":"Feature","geometry":{"type":"Point","coordinates":[72.95189157481623,19.246844352369738]},"id":"1_2_192","properties":{"Class":3}},{"type":"Feature","geometry":{"type":"Point","coordinates":[73.00099237500586,19.214527428796593]},"id":"1_2_193","properties":{"Class":3}},{"type":"Feature","geometry":{"type":"Point","coordinates":[73.00734384595313,19.2163105040449]},"id":"1_2_194","properties":{"Class":3}},{"type":"Feature","geometry":{"type":"Point","coordinates":[73.01489694653907,19.19766830722538]},"id":"1_2_195","properties":{"Class":3}},{"type":"Feature","geometry":{"type":"Point","coordinates":[73.01421030103127,19.191507812598392]},"id":"1_2_196","properties":{"Class":3}},{"type":"Feature","geometry":{"type":"Point","coordinates":[73.01592691480079,19.190372959490816]},"id":"1_2_197","properties":{"Class":3}},{"type":"Feature","geometry":{"type":"Point","coordinates":[73.01592691480079,19.180158929513432]},"id":"1_2_198","properties":{"Class":3}},{"type":"Feature","geometry":{"type":"Point","coordinates":[73.01386697827735,19.171403542517687]},"id":"1_2_199","properties":{"Class":3}},{"type":"Feature","geometry":{"type":"Point","coordinates":[73.01798685132422,19.15356705617332]},"id":"1_2_200","properties":{"Class":3}},{"type":"Feature","geometry":{"type":"Point","coordinates":[72.79769109426239,19.161715806565745]},"id":"2_0","properties":{"Class":2}},{"type":"Feature","geometry":{"type":"Point","coordinates":[72.79408620534637,19.15920245259329]},"id":"2_1","properties":{"Class":2}},{"type":"Feature","geometry":{"type":"Point","coordinates":[72.79897855458954,19.1561215148216]},"id":"2_2","properties":{"Class":2}},{"type":"Feature","geometry":{"type":"Point","coordinates":[72.79382871328094,19.15368915487529]},"id":"2_3","properties":{"Class":2}},{"type":"Feature","geometry":{"type":"Point","coordinates":[72.81640218435028,19.15182432129367]},"id":"2_4","properties":{"Class":2}},{"type":"Feature","geometry":{"type":"Point","coordinates":[72.81150983510712,19.16625596178848]},"id":"2_5","properties":{"Class":2}},{"type":"Feature","geometry":{"type":"Point","coordinates":[72.82086538015106,19.16739098105727]},"id":"2_6","properties":{"Class":2}},{"type":"Feature","geometry":{"type":"Point","coordinates":[72.82773183522919,19.17428200168572]},"id":"2_7","properties":{"Class":2}},{"type":"Feature","geometry":{"type":"Point","coordinates":[72.828418480737,19.181010602558402]},"id":"2_8","properties":{"Class":2}},{"type":"Feature","geometry":{"type":"Point","coordinates":[72.95740008578963,19.102391703530117]},"id":"2_9","properties":{"Class":2}},{"type":"Feature","geometry":{"type":"Point","coordinates":[72.95980334506697,19.119909335497784]},"id":"2_10","properties":{"Class":2}},{"type":"Feature","geometry":{"type":"Point","coordinates":[72.96872973666854,19.132884162327024]},"id":"2_11","properties":{"Class":2}},{"type":"Feature","geometry":{"type":"Point","coordinates":[72.95740008578963,19.09882306954009]},"id":"2_12","properties":{"Class":2}},{"type":"Feature","geometry":{"type":"Point","coordinates":[72.95534014926619,19.086494469105997]},"id":"2_13","properties":{"Class":2}},{"type":"Feature","geometry":{"type":"Point","coordinates":[72.95740008578963,19.048529595016447]},"id":"2_14","properties":{"Class":2}},{"type":"Feature","geometry":{"type":"Point","coordinates":[72.95843005405136,19.03749543770475]},"id":"2_15","properties":{"Class":2}},{"type":"Feature","geometry":{"type":"Point","coordinates":[72.95259356723494,19.030679856541134]},"id":"2_16","properties":{"Class":2}},{"type":"Feature","geometry":{"type":"Point","coordinates":[72.94641375766463,19.02548684508572]},"id":"2_17","properties":{"Class":2}},{"type":"Feature","geometry":{"type":"Point","coordinates":[72.94023394809432,19.020618249440776]},"id":"2_18","properties":{"Class":2}},{"type":"Feature","geometry":{"type":"Point","coordinates":[72.93542742953963,19.018995352531213]},"id":"2_19","properties":{"Class":2}},{"type":"Feature","geometry":{"type":"Point","coordinates":[72.92890429721541,19.012179012492712]},"id":"2_20","properties":{"Class":2}},{"type":"Feature","geometry":{"type":"Point","coordinates":[72.92444110141463,19.00828383557939]},"id":"2_21","properties":{"Class":2}},{"type":"Feature","geometry":{"type":"Point","coordinates":[72.88701892123885,19.003414736153314]},"id":"2_22","properties":{"Class":2}},{"type":"Feature","geometry":{"type":"Point","coordinates":[73.00512194858261,19.034574508598244]},"id":"2_23","properties":{"Class":2}},{"type":"Feature","geometry":{"type":"Point","coordinates":[73.00306201205916,19.045933388698092]},"id":"2_24","properties":{"Class":2}},{"type":"Feature","geometry":{"type":"Point","coordinates":[72.99688220248885,19.05469542222608]},"id":"2_25","properties":{"Class":2}},{"type":"Feature","geometry":{"type":"Point","coordinates":[72.98658251987166,19.085521119441893]},"id":"2_26","properties":{"Class":2}},{"type":"Feature","geometry":{"type":"Point","coordinates":[72.99344897494979,19.10401378444311]},"id":"2_27","properties":{"Class":2}},{"type":"Feature","geometry":{"type":"Point","coordinates":[72.98211932407088,19.130289278482422]},"id":"2_28","properties":{"Class":2}},{"type":"Feature","geometry":{"type":"Point","coordinates":[73.00653828209923,19.00270603216794]},"id":"2_29","properties":{"Class":2}},{"type":"Feature","geometry":{"type":"Point","coordinates":[73.01340473717735,18.999784491661593]},"id":"2_30","properties":{"Class":2}},{"type":"Feature","geometry":{"type":"Point","coordinates":[72.98490894860313,18.94881159434499]},"id":"2_31","properties":{"Class":2}},{"type":"Feature","geometry":{"type":"Point","coordinates":[72.97426594323204,18.957903444253777]},"id":"2_32","properties":{"Class":2}},{"type":"Feature","geometry":{"type":"Point","coordinates":[72.99452198571251,18.956929341177513]},"id":"2_33","properties":{"Class":2}},{"type":"Feature","geometry":{"type":"Point","coordinates":[73.00310505456017,18.96667011591537]},"id":"2_34","properties":{"Class":2}},{"type":"Feature","geometry":{"type":"Point","coordinates":[73.00310505456017,18.955955232412716]},"id":"2_35","properties":{"Class":2}},{"type":"Feature","geometry":{"type":"Point","coordinates":[73.00276173180626,18.945889108807947]},"id":"2_36","properties":{"Class":2}},{"type":"Feature","geometry":{"type":"Point","coordinates":[72.9996718270211,18.938095563889327]},"id":"2_37","properties":{"Class":2}},{"type":"Feature","geometry":{"type":"Point","coordinates":[72.99349201745079,18.943291300927203]},"id":"2_38","properties":{"Class":2}},{"type":"Feature","geometry":{"type":"Point","coordinates":[72.99589527672813,18.935172890756512]},"id":"2_39","properties":{"Class":2}},{"type":"Feature","geometry":{"type":"Point","coordinates":[72.98937214440392,18.93939451330686]},"id":"2_40","properties":{"Class":2}},{"type":"Feature","geometry":{"type":"Point","coordinates":[72.99040211266565,18.927703604839902]},"id":"2_41","properties":{"Class":2}},{"type":"Feature","geometry":{"type":"Point","coordinates":[72.98456562584923,18.93387390850181]},"id":"2_42","properties":{"Class":2}},{"type":"Feature","geometry":{"type":"Point","coordinates":[72.98490894860313,18.9208835304151]},"id":"2_43","properties":{"Class":2}},{"type":"Feature","geometry":{"type":"Point","coordinates":[72.99692524498985,18.9208835304151]},"id":"2_44","properties":{"Class":2}},{"type":"Feature","geometry":{"type":"Point","coordinates":[72.97495258873985,18.931275913685514]},"id":"2_45","properties":{"Class":2}},{"type":"Feature","geometry":{"type":"Point","coordinates":[72.97975910729454,18.931275913685514]},"id":"2_46","properties":{"Class":2}},{"type":"Feature","geometry":{"type":"Point","coordinates":[72.97151936120079,18.94394075668762]},"id":"2_47","properties":{"Class":2}},{"type":"Feature","geometry":{"type":"Point","coordinates":[72.96259296959923,18.943940756687624]},"id":"2_48","properties":{"Class":2}},{"type":"Feature","geometry":{"type":"Point","coordinates":[72.95915974206018,18.942641842640118]},"id":"2_49","properties":{"Class":2}},{"type":"Feature","geometry":{"type":"Point","coordinates":[72.95915974206018,18.93582237809524]},"id":"2_50","properties":{"Class":2}},{"type":"Feature","geometry":{"type":"Point","coordinates":[72.96911610192345,18.93971924908237]},"id":"2_51","properties":{"Class":2}},{"type":"Feature","geometry":{"type":"Point","coordinates":[72.96945942467735,18.92965214640675]},"id":"2_52","properties":{"Class":2}},{"type":"Feature","geometry":{"type":"Point","coordinates":[72.98639373135552,19.051461442983737]},"id":"2_53","properties":{"Class":2}},{"type":"Feature","geometry":{"type":"Point","coordinates":[72.98948363614068,19.0495143264555]},"id":"2_54","properties":{"Class":2}},{"type":"Feature","geometry":{"type":"Point","coordinates":[72.96133117032036,19.114188956157264]},"id":"2_55","properties":{"Class":2}},{"type":"Feature","geometry":{"type":"Point","coordinates":[72.96098784756646,19.132029697963045]},"id":"2_56","properties":{"Class":2}},{"type":"Feature","geometry":{"type":"Point","coordinates":[72.96364859890923,19.12659658513154]},"id":"2_57","properties":{"Class":2}},{"type":"Feature","geometry":{"type":"Point","coordinates":[72.96373442959771,19.12173095930196]},"id":"2_58","properties":{"Class":2}},{"type":"Feature","geometry":{"type":"Point","coordinates":[72.9743774349688,19.13292168448364]},"id":"2_59","properties":{"Class":2}},{"type":"Feature","geometry":{"type":"Point","coordinates":[72.98570708584771,19.12416379012634]},"id":"2_60","properties":{"Class":2}},{"type":"Feature","geometry":{"type":"Point","coordinates":[72.95983351345033,19.110785939739706]},"id":"2_61","properties":{"Class":2}},{"type":"Feature","geometry":{"type":"Point","coordinates":[72.95687239444318,19.094767962230325]},"id":"2_62","properties":{"Class":2}},{"type":"Feature","geometry":{"type":"Point","coordinates":[72.94854681766095,19.09338911742669]},"id":"2_63","properties":{"Class":2}},{"type":"Feature","geometry":{"type":"Point","coordinates":[72.95258086001935,19.101824223452546]},"id":"2_64","properties":{"Class":2}},{"type":"Feature","geometry":{"type":"Point","coordinates":[72.9491476324803,19.11050220101558]},"id":"2_65","properties":{"Class":2}},{"type":"Feature","geometry":{"type":"Point","coordinates":[72.95558493411603,19.119423011644432]},"id":"2_66","properties":{"Class":2}},{"type":"Feature","geometry":{"type":"Point","coordinates":[72.99266379153791,19.101337594408104]},"id":"2_67","properties":{"Class":2}},{"type":"Feature","geometry":{"type":"Point","coordinates":[72.98047583377424,19.111556503717182]},"id":"2_68","properties":{"Class":2}},{"type":"Feature","geometry":{"type":"Point","coordinates":[72.99249213016095,19.11034000000331]},"id":"2_69","properties":{"Class":2}},{"type":"Feature","geometry":{"type":"Point","coordinates":[72.98614065921369,19.09963438148108]},"id":"2_70","properties":{"Class":2}},{"type":"Feature","geometry":{"type":"Point","coordinates":[72.95506994998519,19.081443249266574]},"id":"2_71","properties":{"Class":2}},{"type":"Feature","geometry":{"type":"Point","coordinates":[72.95481245791974,19.072763748180826]},"id":"2_72","properties":{"Class":2}},{"type":"Feature","geometry":{"type":"Point","coordinates":[72.84698838831184,19.048491120600474]},"id":"2_73","properties":{"Class":2}},{"type":"Feature","geometry":{"type":"Point","coordinates":[72.85213822962044,19.050275989297077]},"id":"2_74","properties":{"Class":2}},{"type":"Feature","geometry":{"type":"Point","coordinates":[72.8559147799134,19.054007925437194]},"id":"2_75","properties":{"Class":2}},{"type":"Feature","geometry":{"type":"Point","coordinates":[72.85951966882942,19.054819204793823]},"id":"2_76","properties":{"Class":2}},{"type":"Feature","geometry":{"type":"Point","coordinates":[72.94329949635856,19.042237557634824]},"id":"2_77","properties":{"Class":2}},{"type":"Feature","geometry":{"type":"Point","coordinates":[72.94209786671989,19.04256209287187]},"id":"2_78","properties":{"Class":2}},{"type":"Feature","geometry":{"type":"Point","coordinates":[72.9402095915734,19.04256209287187]},"id":"2_79","properties":{"Class":2}},{"type":"Feature","geometry":{"type":"Point","coordinates":[72.93849297780388,19.04256209287187]},"id":"2_80","properties":{"Class":2}},{"type":"Feature","geometry":{"type":"Point","coordinates":[72.93591805714958,19.04710551956581]},"id":"2_81","properties":{"Class":2}},{"type":"Feature","geometry":{"type":"Point","coordinates":[72.87497178554163,19.02877604785601]},"id":"2_82","properties":{"Class":2}},{"type":"Feature","geometry":{"type":"Point","coordinates":[72.87617341518032,19.029100609401773]},"id":"2_83","properties":{"Class":2}},{"type":"Feature","geometry":{"type":"Point","coordinates":[72.87600175380335,19.02812692286221]},"id":"2_84","properties":{"Class":2}},{"type":"Feature","geometry":{"type":"Point","coordinates":[72.87600175380335,19.026179532663367]},"id":"2_85","properties":{"Class":2}},{"type":"Feature","geometry":{"type":"Point","coordinates":[72.8758300924264,19.02439440493018]},"id":"2_86","properties":{"Class":2}},{"type":"Feature","geometry":{"type":"Point","coordinates":[72.9013277315312,19.04679047688645]},"id":"2_87","properties":{"Class":2}},{"type":"Feature","geometry":{"type":"Point","coordinates":[72.89978277913862,19.04679047688645]},"id":"2_88","properties":{"Class":2}},{"type":"Feature","geometry":{"type":"Point","coordinates":[72.89789450399213,19.049386669796256]},"id":"2_89","properties":{"Class":2}},{"type":"Feature","geometry":{"type":"Point","coordinates":[72.9178072237187,19.06983026913534]},"id":"2_90","properties":{"Class":2}},{"type":"Feature","geometry":{"type":"Point","coordinates":[72.91763556234174,19.067721125495243]},"id":"2_91","properties":{"Class":2}},{"type":"Feature","geometry":{"type":"Point","coordinates":[72.91643393270307,19.067072152822117]},"id":"2_92","properties":{"Class":2}},{"type":"Feature","geometry":{"type":"Point","coordinates":[72.90802252523237,19.06739663947626]},"id":"2_93","properties":{"Class":2}},{"type":"Feature","geometry":{"type":"Point","coordinates":[72.90836584798627,19.064638482670397]},"id":"2_94","properties":{"Class":2}},{"type":"Feature","geometry":{"type":"Point","coordinates":[72.92010207556146,19.07807887843024]},"id":"2_95","properties":{"Class":2}},{"type":"Feature","geometry":{"type":"Point","coordinates":[72.92199035070794,19.081566844978532]},"id":"2_96","properties":{"Class":2}},{"type":"Feature","geometry":{"type":"Point","coordinates":[72.92327781103509,19.08310801610313]},"id":"2_97","properties":{"Class":2}},{"type":"Feature","geometry":{"type":"Point","coordinates":[72.92241950415033,19.078484459709262]},"id":"2_98","properties":{"Class":2}},{"type":"Feature","geometry":{"type":"Point","coordinates":[72.92173285864251,19.076294309006585]},"id":"2_99","properties":{"Class":2}},{"type":"Feature","geometry":{"type":"Point","coordinates":[72.9265393771972,19.081080156380892]},"id":"2_100","properties":{"Class":2}},{"type":"Feature","geometry":{"type":"Point","coordinates":[72.92482276342767,19.076943245566557]},"id":"2_101","properties":{"Class":2}},{"type":"Feature","geometry":{"type":"Point","coordinates":[72.934607461914,19.075077546105916]},"id":"2_102","properties":{"Class":2}},{"type":"Feature","geometry":{"type":"Point","coordinates":[72.93743987463372,19.074185247633178]},"id":"2_103","properties":{"Class":2}},{"type":"Feature","geometry":{"type":"Point","coordinates":[72.93383498571771,19.07207615941515]},"id":"2_104","properties":{"Class":2}},{"type":"Feature","geometry":{"type":"Point","coordinates":[72.93615241430658,19.07061600569385]},"id":"2_105","properties":{"Class":2}},{"type":"Feature","geometry":{"type":"Point","coordinates":[72.93452163122552,19.06712780862189]},"id":"2_106","properties":{"Class":2}},{"type":"Feature","geometry":{"type":"Point","coordinates":[72.93683905981439,19.084730286004014]},"id":"2_107","properties":{"Class":2}},{"type":"Feature","geometry":{"type":"Point","coordinates":[72.92988677404779,19.08237798946333]},"id":"2_108","properties":{"Class":2}},{"type":"Feature","geometry":{"type":"Point","coordinates":[72.93031592749017,19.085216963875432]},"id":"2_109","properties":{"Class":2}},{"type":"Feature","geometry":{"type":"Point","coordinates":[72.92748351477044,19.08732588478996]},"id":"2_110","properties":{"Class":2}},{"type":"Feature","geometry":{"type":"Point","coordinates":[72.93254752539056,19.091543646035735]},"id":"2_111","properties":{"Class":2}},{"type":"Feature","geometry":{"type":"Point","coordinates":[72.93932814978021,19.09243585099102]},"id":"2_112","properties":{"Class":2}},{"type":"Feature","geometry":{"type":"Point","coordinates":[72.94516463659662,19.0935713776154]},"id":"2_113","properties":{"Class":2}},{"type":"Feature","geometry":{"type":"Point","coordinates":[72.95125861547845,19.08975922169915]},"id":"2_114","properties":{"Class":2}},{"type":"Feature","geometry":{"type":"Point","coordinates":[72.9510869541015,19.085298076714945]},"id":"2_115","properties":{"Class":2}},{"type":"Feature","geometry":{"type":"Point","coordinates":[72.9522027530517,19.081161271246476]},"id":"2_116","properties":{"Class":2}},{"type":"Feature","geometry":{"type":"Point","coordinates":[72.95606513403314,19.071589442937462]},"id":"2_117","properties":{"Class":2}},{"type":"Feature","geometry":{"type":"Point","coordinates":[72.95589347265619,19.065505366368388]},"id":"2_118","properties":{"Class":2}},{"type":"Feature","geometry":{"type":"Point","coordinates":[72.95211692236322,19.06217931011057]},"id":"2_119","properties":{"Class":2}},{"type":"Feature","geometry":{"type":"Point","coordinates":[72.94928450964349,19.05942106651144]},"id":"2_120","properties":{"Class":2}},{"type":"Feature","geometry":{"type":"Point","coordinates":[72.94516463659662,19.060556819431998]},"id":"2_121","properties":{"Class":2}},{"type":"Feature","geometry":{"type":"Point","coordinates":[72.94190307043452,19.060313444460974]},"id":"2_122","properties":{"Class":2}},{"type":"Feature","geometry":{"type":"Point","coordinates":[72.9389848270263,19.062179310110572]},"id":"2_123","properties":{"Class":2}},{"type":"Feature","geometry":{"type":"Point","coordinates":[72.94516463659662,19.056176015308676]},"id":"2_124","properties":{"Class":2}},{"type":"Feature","geometry":{"type":"Point","coordinates":[72.9544193957217,19.100000159659526]},"id":"2_125","properties":{"Class":2}},{"type":"Feature","geometry":{"type":"Point","coordinates":[72.95261695126369,19.096918117562833]},"id":"2_126","properties":{"Class":2}},{"type":"Feature","geometry":{"type":"Point","coordinates":[72.95502021054104,19.094565994186247]},"id":"2_127","properties":{"Class":2}},{"type":"Feature","geometry":{"type":"Point","coordinates":[72.95639350155666,19.092294946794258]},"id":"2_128","properties":{"Class":2}},{"type":"Feature","geometry":{"type":"Point","coordinates":[72.94884040097072,19.09683701041668]},"id":"2_129","properties":{"Class":2}},{"type":"Feature","geometry":{"type":"Point","coordinates":[72.95724068348356,19.108359879287864]},"id":"2_130","properties":{"Class":2}},{"type":"Feature","geometry":{"type":"Point","coordinates":[72.95758400623747,19.11719970834721]},"id":"2_131","properties":{"Class":2}},{"type":"Feature","geometry":{"type":"Point","coordinates":[72.95483742420622,19.11606434391319]},"id":"2_132","properties":{"Class":2}},{"type":"Feature","geometry":{"type":"Point","coordinates":[72.9567256993527,19.114199085414747]},"id":"2_133","properties":{"Class":2}},{"type":"Feature","geometry":{"type":"Point","coordinates":[72.95286331837126,19.10762996402429]},"id":"2_134","properties":{"Class":2}},{"type":"Feature","geometry":{"type":"Point","coordinates":[72.96264801685759,19.118335064983032]},"id":"2_135","properties":{"Class":2}},{"type":"Feature","geometry":{"type":"Point","coordinates":[72.96067391102262,19.107792167694583]},"id":"2_136","properties":{"Class":2}},{"type":"Feature","geometry":{"type":"Point","coordinates":[72.9604164189572,19.104548064064804]},"id":"2_137","properties":{"Class":2}},{"type":"Feature","geometry":{"type":"Point","coordinates":[72.94968758289762,19.106251226404037]},"id":"2_138","properties":{"Class":2}},{"type":"Feature","geometry":{"type":"Point","coordinates":[72.94814263050505,19.107711065879315]},"id":"2_139","properties":{"Class":2}},{"type":"Feature","geometry":{"type":"Point","coordinates":[72.94531021778532,19.113631393868506]},"id":"2_140","properties":{"Class":2}},{"type":"Feature","geometry":{"type":"Point","coordinates":[72.90971193522579,19.126255909544238]},"id":"2_141","properties":{"Class":2}},{"type":"Feature","geometry":{"type":"Point","coordinates":[72.91160021037228,19.127310111762174]},"id":"2_142","properties":{"Class":2}},{"type":"Feature","geometry":{"type":"Point","coordinates":[72.90911112040645,19.130959221338838]},"id":"2_143","properties":{"Class":2}},{"type":"Feature","geometry":{"type":"Point","coordinates":[72.90705118388301,19.13177012363052]},"id":"2_144","properties":{"Class":2}},{"type":"Feature","geometry":{"type":"Point","coordinates":[72.9078236600793,19.126985742565434]},"id":"2_145","properties":{"Class":2}},{"type":"Feature","geometry":{"type":"Point","coordinates":[72.90756616801387,19.12422857868058]},"id":"2_146","properties":{"Class":2}},{"type":"Feature","geometry":{"type":"Point","coordinates":[72.90576372355586,19.1215524638531]},"id":"2_147","properties":{"Class":2}},{"type":"Feature","geometry":{"type":"Point","coordinates":[72.90284548014766,19.12106589286473]},"id":"2_148","properties":{"Class":2}},{"type":"Feature","geometry":{"type":"Point","coordinates":[72.91160021037228,19.126255909544234]},"id":"2_149","properties":{"Class":2}},{"type":"Feature","geometry":{"type":"Point","coordinates":[72.91639841633503,19.14485645132367]},"id":"2_150","properties":{"Class":2}},{"type":"Feature","geometry":{"type":"Point","coordinates":[72.91365183430378,19.14582945169201]},"id":"2_151","properties":{"Class":2}},{"type":"Feature","geometry":{"type":"Point","coordinates":[72.91150606709186,19.14307260241674]},"id":"2_152","properties":{"Class":2}},{"type":"Feature","geometry":{"type":"Point","coordinates":[72.90927446919147,19.140315707095226]},"id":"2_153","properties":{"Class":2}},{"type":"Feature","geometry":{"type":"Point","coordinates":[72.90618456440632,19.141450904862605]},"id":"2_154","properties":{"Class":2}},{"type":"Feature","geometry":{"type":"Point","coordinates":[72.90438211994831,19.143559108576103]},"id":"2_155","properties":{"Class":2}},{"type":"Feature","geometry":{"type":"Point","coordinates":[72.90326632099811,19.147937599476805]},"id":"2_156","properties":{"Class":2}},{"type":"Feature","geometry":{"type":"Point","coordinates":[72.90601290302938,19.151099770654785]},"id":"2_157","properties":{"Class":2}},{"type":"Feature","geometry":{"type":"Point","coordinates":[72.90764368611043,19.157505008589442]},"id":"2_158","properties":{"Class":2}},{"type":"Feature","geometry":{"type":"Point","coordinates":[72.91116274433796,19.160666996367723]},"id":"2_159","properties":{"Class":2}},{"type":"Feature","geometry":{"type":"Point","coordinates":[72.91605509358112,19.161072375031424]},"id":"2_160","properties":{"Class":2}},{"type":"Feature","geometry":{"type":"Point","coordinates":[72.9194883211202,19.16116907919008]},"id":"2_161","properties":{"Class":2}},{"type":"Feature","geometry":{"type":"Point","coordinates":[72.91983164387409,19.155899081923746]},"id":"2_162","properties":{"Class":2}},{"type":"Feature","geometry":{"type":"Point","coordinates":[72.91965998249714,19.151358641556445]},"id":"2_163","properties":{"Class":2}},{"type":"Feature","geometry":{"type":"Point","coordinates":[72.9190591676778,19.149331618903048]},"id":"2_164","properties":{"Class":2}},{"type":"Feature","geometry":{"type":"Point","coordinates":[72.85572797943571,19.269602724038723]},"id":"2_165","properties":{"Class":2}},{"type":"Feature","geometry":{"type":"Point","coordinates":[72.85366804291228,19.269602724038723]},"id":"2_166","properties":{"Class":2}},{"type":"Feature","geometry":{"type":"Point","coordinates":[72.84851820160368,19.269602724038723]},"id":"2_167","properties":{"Class":2}},{"type":"Feature","geometry":{"type":"Point","coordinates":[72.84096510101774,19.269602724038723]},"id":"2_168","properties":{"Class":2}},{"type":"Feature","geometry":{"type":"Point","coordinates":[72.8334120004318,19.269602724038723]},"id":"2_169","properties":{"Class":2}},{"type":"Feature","geometry":{"type":"Point","coordinates":[72.83718855072478,19.26214851910444]},"id":"2_170","properties":{"Class":2}},{"type":"Feature","geometry":{"type":"Point","coordinates":[72.84096510101774,19.26214851910444]},"id":"2_171","properties":{"Class":2}},{"type":"Feature","geometry":{"type":"Point","coordinates":[72.82379896332243,19.26214851910444]},"id":"2_172","properties":{"Class":2}},{"type":"Feature","geometry":{"type":"Point","coordinates":[72.82654554535368,19.264417226053954]},"id":"2_173","properties":{"Class":2}},{"type":"Feature","geometry":{"type":"Point","coordinates":[72.8330686776779,19.25761101103026]},"id":"2_174","properties":{"Class":2}},{"type":"Feature","geometry":{"type":"Point","coordinates":[72.8220823495529,19.25501809290434]},"id":"2_175","properties":{"Class":2}},{"type":"Feature","geometry":{"type":"Point","coordinates":[72.82331258077365,19.249183877258517]},"id":"2_176","properties":{"Class":2}},{"type":"Feature","geometry":{"type":"Point","coordinates":[72.83120900411349,19.25177688760533]},"id":"2_177","properties":{"Class":2}},{"type":"Feature","geometry":{"type":"Point","coordinates":[72.81301289815646,19.251128638860706]},"id":"2_178","properties":{"Class":2}},{"type":"Feature","geometry":{"type":"Point","coordinates":[72.81301289815646,19.256638671536848]},"id":"2_179","properties":{"Class":2}},{"type":"Feature","geometry":{"type":"Point","coordinates":[72.81301289815646,19.26830636492215]},"id":"2_180","properties":{"Class":2}},{"type":"Feature","geometry":{"type":"Point","coordinates":[72.82022267598849,19.255666326278806]},"id":"2_181","properties":{"Class":2}},{"type":"Feature","geometry":{"type":"Point","coordinates":[72.81781941671115,19.259231564041652]},"id":"2_182","properties":{"Class":2}},{"type":"Feature","geometry":{"type":"Point","coordinates":[72.81884938497286,19.250156260941107]},"id":"2_183","properties":{"Class":2}},{"type":"Feature","geometry":{"type":"Point","coordinates":[72.81472951192599,19.245618421120785]},"id":"2_184","properties":{"Class":2}},{"type":"Feature","geometry":{"type":"Point","coordinates":[72.80614644307833,19.24853561826859]},"id":"2_185","properties":{"Class":2}},{"type":"Feature","geometry":{"type":"Point","coordinates":[72.8099229933713,19.24464601054751]},"id":"2_186","properties":{"Class":2}},{"type":"Feature","geometry":{"type":"Point","coordinates":[72.81987935323458,19.2410804558204]},"id":"2_187","properties":{"Class":2}},{"type":"Feature","geometry":{"type":"Point","coordinates":[72.81678944844943,19.237514823644027]},"id":"2_188","properties":{"Class":2}},{"type":"Feature","geometry":{"type":"Point","coordinates":[72.81135342411694,19.236956586496966]},"id":"2_189","properties":{"Class":2}},{"type":"Feature","geometry":{"type":"Point","coordinates":[72.79899380497632,19.232742543399628]},"id":"2_190","properties":{"Class":2}},{"type":"Feature","geometry":{"type":"Point","coordinates":[72.79487393192944,19.23565996936999]},"id":"2_191","properties":{"Class":2}},{"type":"Feature","geometry":{"type":"Point","coordinates":[72.79487393192944,19.2307975639594]},"id":"2_192","properties":{"Class":2}},{"type":"Feature","geometry":{"type":"Point","coordinates":[72.79899380497632,19.2307975639594]},"id":"2_193","properties":{"Class":2}},{"type":"Feature","geometry":{"type":"Point","coordinates":[72.79830715946851,19.22820422221132]},"id":"2_194","properties":{"Class":2}},{"type":"Feature","geometry":{"type":"Point","coordinates":[72.79384396366773,19.226907535983845]},"id":"2_195","properties":{"Class":2}},{"type":"Feature","geometry":{"type":"Point","coordinates":[72.80380032353101,19.226907535983845]},"id":"2_196","properties":{"Class":2}},{"type":"Feature","geometry":{"type":"Point","coordinates":[72.80071041874585,19.226259189031996]},"id":"2_197","properties":{"Class":2}},{"type":"Feature","geometry":{"type":"Point","coordinates":[72.80517361454663,19.221720688731203]},"id":"2_198","properties":{"Class":2}},{"type":"Feature","geometry":{"type":"Point","coordinates":[72.78835079960523,19.226259189031996]},"id":"2_199","properties":{"Class":2}},{"type":"Feature","geometry":{"type":"Point","coordinates":[72.7976205139607,19.2256108395215]},"id":"2_200","properties":{"Class":2}},{"type":"Feature","geometry":{"type":"Point","coordinates":[72.79109738163648,19.220748136643532]},"id":"2_201","properties":{"Class":2}},{"type":"Feature","geometry":{"type":"Point","coordinates":[72.79521725468335,19.220748136643532]},"id":"2_202","properties":{"Class":2}},{"type":"Feature","geometry":{"type":"Point","coordinates":[72.7976205139607,19.2194513915736]},"id":"2_203","properties":{"Class":2}},{"type":"Feature","geometry":{"type":"Point","coordinates":[72.80071041874585,19.216857870739833]},"id":"2_204","properties":{"Class":2}},{"type":"Feature","geometry":{"type":"Point","coordinates":[72.8031136780232,19.217506254784833]},"id":"2_205","properties":{"Class":2}},{"type":"Feature","geometry":{"type":"Point","coordinates":[72.79968045048413,19.214264308984745]},"id":"2_206","properties":{"Class":2}},{"type":"Feature","geometry":{"type":"Point","coordinates":[72.79075405888257,19.203889652844506]},"id":"2_207","properties":{"Class":2}},{"type":"Feature","geometry":{"type":"Point","coordinates":[72.80929348759351,19.20907706272927]},"id":"2_208","properties":{"Class":2}},{"type":"Feature","geometry":{"type":"Point","coordinates":[72.80757687382398,19.206807591036544]},"id":"2_209","properties":{"Class":2}},{"type":"Feature","geometry":{"type":"Point","coordinates":[72.80586026005444,19.204862304660132]},"id":"2_210","properties":{"Class":2}},{"type":"Feature","geometry":{"type":"Point","coordinates":[72.80586026005444,19.203565434294553]},"id":"2_211","properties":{"Class":2}},{"type":"Feature","geometry":{"type":"Point","coordinates":[72.80517361454663,19.19740516044182]},"id":"2_212","properties":{"Class":2}},{"type":"Feature","geometry":{"type":"Point","coordinates":[72.8141000061482,19.208752854404903]},"id":"2_213","properties":{"Class":2}},{"type":"Feature","geometry":{"type":"Point","coordinates":[72.80929348759351,19.207131803195782]},"id":"2_214","properties":{"Class":2}},{"type":"Feature","geometry":{"type":"Point","coordinates":[72.81512997440991,19.22269323506308]},"id":"2_215","properties":{"Class":2}},{"type":"Feature","geometry":{"type":"Point","coordinates":[72.8195931702107,19.222693235063076]},"id":"2_216","properties":{"Class":2}},{"type":"Feature","geometry":{"type":"Point","coordinates":[72.82439968876538,19.222693235063076]},"id":"2_217","properties":{"Class":2}},{"type":"Feature","geometry":{"type":"Point","coordinates":[72.82851956181226,19.242791236847655]},"id":"2_218","properties":{"Class":2}},{"type":"Feature","geometry":{"type":"Point","coordinates":[72.83160946659741,19.238253193384555]},"id":"2_219","properties":{"Class":2}},{"type":"Feature","geometry":{"type":"Point","coordinates":[72.83538601689038,19.247653287044574]},"id":"2_220","properties":{"Class":2}},{"type":"Feature","geometry":{"type":"Point","coordinates":[72.84362576298413,19.259645728201182]},"id":"2_221","properties":{"Class":2}},{"type":"Feature","geometry":{"type":"Point","coordinates":[72.84911892704663,19.26256267589623]},"id":"2_222","properties":{"Class":2}},{"type":"Feature","geometry":{"type":"Point","coordinates":[72.84843228153882,19.259969836063153]},"id":"2_223","properties":{"Class":2}},{"type":"Feature","geometry":{"type":"Point","coordinates":[72.8467309097536,19.315252179374987]},"id":"2_224","properties":{"Class":2}},{"type":"Feature","geometry":{"type":"Point","coordinates":[72.8412377456911,19.314280182114135]},"id":"2_225","properties":{"Class":2}},{"type":"Feature","geometry":{"type":"Point","coordinates":[72.83952113192157,19.312660173836832]},"id":"2_226","properties":{"Class":2}},{"type":"Feature","geometry":{"type":"Point","coordinates":[72.83746119539813,19.312660173836832]},"id":"2_227","properties":{"Class":2}},{"type":"Feature","geometry":{"type":"Point","coordinates":[72.83437129061298,19.31006812720512]},"id":"2_228","properties":{"Class":2}},{"type":"Feature","geometry":{"type":"Point","coordinates":[72.83093806307392,19.307800052696486]},"id":"2_229","properties":{"Class":2}},{"type":"Feature","geometry":{"type":"Point","coordinates":[72.82269831698017,19.305855963795768]},"id":"2_230","properties":{"Class":2}},{"type":"Feature","geometry":{"type":"Point","coordinates":[72.81857844393329,19.30229174079528]},"id":"2_231","properties":{"Class":2}},{"type":"Feature","geometry":{"type":"Point","coordinates":[72.82716151278095,19.309420109126876]},"id":"2_232","properties":{"Class":2}},{"type":"Feature","geometry":{"type":"Point","coordinates":[72.81480189364032,19.30164369190602]},"id":"2_233","properties":{"Class":2}},{"type":"Feature","geometry":{"type":"Point","coordinates":[72.81205531160907,19.30099564044968]},"id":"2_234","properties":{"Class":2}},{"type":"Feature","geometry":{"type":"Point","coordinates":[72.80312892000751,19.30099564044968]},"id":"2_235","properties":{"Class":2}},{"type":"Feature","geometry":{"type":"Point","coordinates":[72.7972924331911,19.30229174079528]},"id":"2_236","properties":{"Class":2}},{"type":"Feature","geometry":{"type":"Point","coordinates":[72.80690547030048,19.302291740795276]},"id":"2_237","properties":{"Class":2}},{"type":"Feature","geometry":{"type":"Point","coordinates":[72.93740089345567,19.253248497675]},"id":"2_238","properties":{"Class":2}},{"type":"Feature","geometry":{"type":"Point","coordinates":[72.92984779286974,19.255193211093196]},"id":"2_239","properties":{"Class":2}},{"type":"Feature","geometry":{"type":"Point","coordinates":[72.92572791982288,19.25940667773155]},"id":"2_240","properties":{"Class":2}},{"type":"Feature","geometry":{"type":"Point","coordinates":[72.93225105214708,19.252600254745488]},"id":"2_241","properties":{"Class":2}},{"type":"Feature","geometry":{"type":"Point","coordinates":[72.94598396230333,19.259406677731555]},"id":"2_242","properties":{"Class":2}},{"type":"Feature","geometry":{"type":"Point","coordinates":[72.92023475576036,19.256165559156024]},"id":"2_243","properties":{"Class":2}},{"type":"Feature","geometry":{"type":"Point","coordinates":[72.91920478749864,19.252924376530444]},"id":"2_244","properties":{"Class":2}},{"type":"Feature","geometry":{"type":"Point","coordinates":[72.91851814199083,19.25000725741214]},"id":"2_245","properties":{"Class":2}},{"type":"Feature","geometry":{"type":"Point","coordinates":[72.92572791982288,19.25551732775463]},"id":"2_246","properties":{"Class":2}},{"type":"Feature","geometry":{"type":"Point","coordinates":[72.9102783958971,19.25033138432004]},"id":"2_247","properties":{"Class":2}},{"type":"Feature","geometry":{"type":"Point","coordinates":[72.91748817372911,19.228937635311965]},"id":"2_248","properties":{"Class":2}},{"type":"Feature","geometry":{"type":"Point","coordinates":[72.91748817372911,19.22537173947857]},"id":"2_249","properties":{"Class":2}},{"type":"Feature","geometry":{"type":"Point","coordinates":[72.91748817372911,19.22310249274137]},"id":"2_250","properties":{"Class":2}},{"type":"Feature","geometry":{"type":"Point","coordinates":[72.91748817372911,19.21921228256819]},"id":"2_251","properties":{"Class":2}},{"type":"Feature","geometry":{"type":"Point","coordinates":[72.90959175038927,19.216618757961463]},"id":"2_252","properties":{"Class":2}},{"type":"Feature","geometry":{"type":"Point","coordinates":[72.82015617299669,19.149821419198645]},"id":"2_253","properties":{"Class":2}},{"type":"Feature","geometry":{"type":"Point","coordinates":[72.81878288198106,19.156956407293592]},"id":"2_254","properties":{"Class":2}},{"type":"Feature","geometry":{"type":"Point","coordinates":[72.8208428185045,19.147064636610498]},"id":"2_255","properties":{"Class":2}},{"type":"Feature","geometry":{"type":"Point","coordinates":[72.81260307241077,19.152578155726793]},"id":"2_256","properties":{"Class":2}},{"type":"Feature","geometry":{"type":"Point","coordinates":[72.80161674428575,19.15484837474943]},"id":"2_257","properties":{"Class":2}},{"type":"Feature","geometry":{"type":"Point","coordinates":[72.81689460683458,19.171711880551893]},"id":"2_258","properties":{"Class":2}},{"type":"Feature","geometry":{"type":"Point","coordinates":[72.82290275502794,19.17398183612691]},"id":"2_259","properties":{"Class":2}},{"type":"Feature","geometry":{"type":"Point","coordinates":[72.79766853261583,19.153875427565435]},"id":"2_260","properties":{"Class":2}},{"type":"Feature","geometry":{"type":"Point","coordinates":[72.79183204579942,19.15857795245509]},"id":"2_261","properties":{"Class":2}},{"type":"Feature","geometry":{"type":"Point","coordinates":[72.79732520986192,19.160037329468448]},"id":"2_262","properties":{"Class":2}},{"type":"Feature","geometry":{"type":"Point","coordinates":[72.91838111188876,19.003093056365692]},"id":"2_263","properties":{"Class":2}},{"type":"Feature","geometry":{"type":"Point","coordinates":[72.9343456199454,19.01396720313563]},"id":"2_264","properties":{"Class":2}},{"type":"Feature","geometry":{"type":"Point","coordinates":[72.94584693220126,19.0230554966487]},"id":"2_265","properties":{"Class":2}},{"type":"Feature","geometry":{"type":"Point","coordinates":[72.95580329206454,19.030033670419517]},"id":"2_266","properties":{"Class":2}},{"type":"Feature","geometry":{"type":"Point","coordinates":[72.95975150373447,19.046098583932295]},"id":"2_267","properties":{"Class":2}},{"type":"Feature","geometry":{"type":"Point","coordinates":[72.8748242434337,19.15869127812413]},"id":"2_268","properties":{"Class":2}},{"type":"Feature","geometry":{"type":"Point","coordinates":[72.87121935451768,19.162745068484945]},"id":"2_269","properties":{"Class":2}},{"type":"Feature","geometry":{"type":"Point","coordinates":[72.86692782009385,19.163231516630923]},"id":"2_270","properties":{"Class":2}},{"type":"Feature","geometry":{"type":"Point","coordinates":[72.86263628567002,19.161934318385626]},"id":"2_271","properties":{"Class":2}},{"type":"Feature","geometry":{"type":"Point","coordinates":[72.87619753444932,19.149123937813364]},"id":"2_272","properties":{"Class":2}},{"type":"Feature","geometry":{"type":"Point","coordinates":[72.90057344997666,19.185120197254594]},"id":"2_273","properties":{"Class":2}},{"type":"Feature","geometry":{"type":"Point","coordinates":[72.89731188381455,19.183661042356388]},"id":"2_274","properties":{"Class":2}},{"type":"Feature","geometry":{"type":"Point","coordinates":[72.90280504787707,19.18463381372511]},"id":"2_275","properties":{"Class":2}},{"type":"Feature","geometry":{"type":"Point","coordinates":[72.93130083645127,19.190308198839194]},"id":"2_276","properties":{"Class":2}},{"type":"Feature","geometry":{"type":"Point","coordinates":[72.92992754543565,19.185444452142796]},"id":"2_277","properties":{"Class":2}},{"type":"Feature","geometry":{"type":"Point","coordinates":[72.92992754543565,19.180418429628656]},"id":"2_278","properties":{"Class":2}},{"type":"Feature","geometry":{"type":"Point","coordinates":[72.93439074123643,19.19825200940316]},"id":"2_279","properties":{"Class":2}},{"type":"Feature","geometry":{"type":"Point","coordinates":[72.95854712966252,19.147774652288476]},"id":"2_280","properties":{"Class":2}},{"type":"Feature","geometry":{"type":"Point","coordinates":[72.95614387038518,19.146315166787797]},"id":"2_281","properties":{"Class":2}},{"type":"Feature","geometry":{"type":"Point","coordinates":[72.95528556350041,19.143882662270297]},"id":"2_282","properties":{"Class":2}},{"type":"Feature","geometry":{"type":"Point","coordinates":[72.95786048415471,19.13382792997401]},"id":"2_283","properties":{"Class":2}},{"type":"Feature","geometry":{"type":"Point","coordinates":[72.95528556350041,19.129935611160906]},"id":"2_284","properties":{"Class":2}},{"type":"Feature","geometry":{"type":"Point","coordinates":[72.91693917912342,19.295512323400324]},"id":"2_285","properties":{"Class":2}},{"type":"Feature","geometry":{"type":"Point","coordinates":[72.89496652287342,19.280119831393343]},"id":"2_286","properties":{"Class":2}},{"type":"Feature","geometry":{"type":"Point","coordinates":[72.88415185612537,19.25532677728216]},"id":"2_287","properties":{"Class":2}},{"type":"Feature","geometry":{"type":"Point","coordinates":[72.88192025822498,19.244954714440144]},"id":"2_288","properties":{"Class":2}},{"type":"Feature","geometry":{"type":"Point","coordinates":[72.86801568669178,19.25824380180133]},"id":"2_289","properties":{"Class":2}},{"type":"Feature","geometry":{"type":"Point","coordinates":[72.86338082951404,19.268615024283626]},"id":"2_290","properties":{"Class":2}},{"type":"Feature","geometry":{"type":"Point","coordinates":[72.84964791935779,19.276555047963807]},"id":"2_291","properties":{"Class":2}},{"type":"Feature","geometry":{"type":"Point","coordinates":[72.83986322087146,19.28919347546874]},"id":"2_292","properties":{"Class":2}},{"type":"Feature","geometry":{"type":"Point","coordinates":[72.83763162297107,19.30199293963899]},"id":"2_293","properties":{"Class":2}},{"type":"Feature","geometry":{"type":"Point","coordinates":[72.94474832218982,19.25046495446762]},"id":"2_294","properties":{"Class":2}},{"type":"Feature","geometry":{"type":"Point","coordinates":[72.98749200505115,19.243009879667103]},"id":"2_295","properties":{"Class":2}},{"type":"Feature","geometry":{"type":"Point","coordinates":[72.96603433293201,19.246575392479333]},"id":"2_296","properties":{"Class":2}},{"type":"Feature","geometry":{"type":"Point","coordinates":[72.96345941227771,19.24981670053921]},"id":"2_297","properties":{"Class":2}},{"type":"Feature","geometry":{"type":"Point","coordinates":[72.95899621647693,19.238147691918183]},"id":"2_298","properties":{"Class":2}},{"type":"Feature","geometry":{"type":"Point","coordinates":[72.9214023749242,19.24738572549683]},"id":"2_299","properties":{"Class":2}},{"type":"Feature","geometry":{"type":"Point","coordinates":[72.89565316838123,19.23496715246688]},"id":"2_300","properties":{"Class":2}},{"type":"Feature","geometry":{"type":"Point","coordinates":[72.89771310490467,19.228159715866617]},"id":"2_301","properties":{"Class":2}},{"type":"Feature","geometry":{"type":"Point","coordinates":[72.89994470280506,19.22345917832458]},"id":"2_302","properties":{"Class":2}},{"type":"Feature","geometry":{"type":"Point","coordinates":[72.89942971867421,19.244853641131673]},"id":"2_303","properties":{"Class":2}},{"type":"Feature","geometry":{"type":"Point","coordinates":[72.90904275578357,19.245177778219542]},"id":"2_304","properties":{"Class":2}},{"type":"Feature","geometry":{"type":"Point","coordinates":[72.94766656559803,19.21713755375189]},"id":"2_305","properties":{"Class":2}},{"type":"Feature","geometry":{"type":"Point","coordinates":[72.89658573312741,19.203711991522802]},"id":"2_306","properties":{"Class":2}},{"type":"Feature","geometry":{"type":"Point","coordinates":[72.89195087594968,19.214897152190815]},"id":"2_307","properties":{"Class":2}},{"type":"Feature","geometry":{"type":"Point","coordinates":[72.89401081247311,19.19803806851958]},"id":"2_308","properties":{"Class":2}},{"type":"Feature","geometry":{"type":"Point","coordinates":[72.89418247385007,19.175664694609207]},"id":"2_309","properties":{"Class":2}},{"type":"Feature","geometry":{"type":"Point","coordinates":[72.90184289080683,19.036860788368717]},"id":"2_310","properties":{"Class":2}},{"type":"Feature","geometry":{"type":"Point","coordinates":[72.837875053869,18.978637939922372]},"id":"2_311","properties":{"Class":2}},{"type":"Feature","geometry":{"type":"Point","coordinates":[72.81663941121903,18.978197784347607]},"id":"2_312","properties":{"Class":2}},{"type":"Feature","geometry":{"type":"Point","coordinates":[72.81612442708817,18.973977143735922]},"id":"2_313","properties":{"Class":2}}]}